Age,Attrition,BusinessTravel,DistanceFromHome,Education,Gender,JobLevel,JobRole,MonthlyIncome,NumCompaniesWorked,OverTime,PercentSalaryHike,StockOptionLevel,TrainingTimesLastYear,YearsAtCompany,YearsInCurrentRole,MonthlyHours,TaxRate,OverallSatisfaction
52,No,Travel_Rarely,9,4,Male,3,Research Director,8446,9,No,17,0,2,8,7,156.61363636363637,0.3871716731969235,2.6
36,No,Travel_Rarely,1,1,Male,5,Manager,4834,1,Yes,14,1,3,1,8,157.94230769230768,0.4114209180567393,2.8
25,No,Travel_Frequently,16,3,Male,2,Sales Executive,4768,1,Yes,25,1,4,1,5,448.0555555555555,0.7044017358958462,3.2
33,No,Travel_Rarely,5,4,Male,1,Research Scientist,2799,2,No,14,0,1,3,7,271.9076923076923,0.8416317754894195,2.4
31,No,Travel_Rarely,9,2,Female,1,Laboratory Technician,6319,1,No,12,0,2,10,2,106.37333333333332,0.20794685384808226,3.2
35,No,Travel_Rarely,7,3,Male,1,Research Scientist,2269,1,No,11,3,2,1,2,276.280701754386,0.8559182118364237,3.6
27,No,Travel_Rarely,4,2,Male,1,Sales Representative,8726,2,No,11,1,0,9,3,374.82142857142856,0.5842782277274893,2.4
23,No,Travel_Frequently,3,1,Male,2,Sales Executive,1790,1,Yes,20,2,2,1,5,234.83098591549296,0.892640796497331,3.4
42,No,Travel_Rarely,17,2,Male,2,Research Scientist,3375,3,Yes,13,0,2,3,2,280.6829268292683,0.8533628779979145,3.0
35,No,Travel_Rarely,29,3,Male,2,Manufacturing Director,2690,1,No,13,1,5,1,8,120.46938775510205,0.7721497543621887,2.6
39,No,Travel_Rarely,5,3,Male,3,Manager,3069,2,No,12,0,3,10,10,124.77777777777777,0.4534283170080142,2.6
59,No,Travel_Rarely,26,2,Female,2,Sales Executive,13726,8,No,15,0,4,5,2,256.7959183673469,0.4545815783199555,2.4
34,No,Travel_Rarely,12,2,Male,1,Laboratory Technician,2008,1,No,13,0,2,1,2,175.28205128205127,0.8531304856641311,3.6
35,No,Travel_Rarely,1,3,Male,3,Research Director,16292,1,No,13,1,3,13,12,203.65,0.0,2.6
37,No,Travel_Rarely,4,3,Female,2,Healthcare Representative,3452,9,No,12,0,3,5,2,103.94,0.33577063690590725,3.0
38,No,Travel_Rarely,8,4,Female,2,Sales Executive,10589,2,No,13,1,3,7,2,230.19565217391303,0.0,2.0
51,No,Travel_Rarely,2,2,Male,1,Sales Representative,6393,0,No,19,1,4,4,2,118.38888888888887,0.0,2.6
40,No,Travel_Rarely,3,3,Male,3,Sales Executive,5003,0,No,12,2,6,10,10,126.93421052631581,0.4813931792267026,2.4
36,No,Non-Travel,10,1,Male,1,Sales Representative,9980,1,No,22,0,3,10,0,316.0,0.5732124529592884,2.8
38,No,Travel_Frequently,29,3,Female,2,Laboratory Technician,17491,4,No,13,2,4,6,7,203.38372093023256,0.0,2.4
34,No,Travel_Rarely,10,2,Female,1,Research Scientist,3038,3,No,21,2,3,1,2,139.92753623188406,0.6853443811496633,2.8
40,No,Travel_Rarely,1,3,Male,5,Manager,10475,0,Yes,14,0,2,18,10,233.80246913580245,0.4468792903157672,2.8
33,No,Travel_Rarely,18,3,Male,2,Sales Executive,6179,1,No,16,0,2,5,2,82.6046511627907,0.13020833333333334,2.8
52,No,Travel_Rarely,5,3,Male,3,Healthcare Representative,9255,2,Yes,13,1,2,4,0,259.72972972972974,0.03694068678459938,2.8
36,Yes,Travel_Rarely,11,2,Male,2,Healthcare Representative,4678,5,No,15,0,2,6,0,235.7704918032787,0.6747323042692254,1.2
35,No,Travel_Rarely,1,4,Female,1,Research Scientist,8952,1,No,12,1,2,17,3,144.38709677419354,0.0,3.0
33,No,Travel_Frequently,2,1,Female,2,Human Resources,4223,1,No,21,0,2,15,1,80.05319148936171,0.4388039867109633,2.8
48,No,Travel_Rarely,22,2,Female,2,Sales Executive,6439,0,No,13,1,2,8,7,162.94736842105263,0.5840439276485788,2.6
34,No,Travel_Frequently,2,1,Male,4,Manager,9547,7,No,15,0,2,10,7,433.075,0.4488829879351152,2.4
50,No,Travel_Rarely,29,2,Male,2,Research Scientist,12932,2,No,11,1,3,2,4,140.56521739130434,0.0,2.4
55,No,Non-Travel,2,4,Male,1,Sales Representative,17001,3,Yes,21,0,3,9,2,242.87142857142857,0.0,3.2
35,No,Travel_Rarely,7,2,Male,2,Manufacturing Director,1951,1,No,12,1,3,1,10,134.06451612903226,0.53055822906641,1.8
40,No,Travel_Rarely,17,2,Male,2,Sales Executive,2018,2,No,16,2,3,5,2,509.75757575757575,0.8800380454167162,2.2
47,No,Travel_Frequently,3,2,Male,3,Research Director,12936,3,No,15,0,3,8,7,496.7435897435897,0.33226655654777265,3.4
36,No,Travel_Rarely,6,3,Female,2,Research Scientist,7094,4,Yes,13,2,0,7,7,333.35294117647067,0.5827304276219046,2.4
29,No,Travel_Rarely,10,1,Male,1,Research Scientist,2804,0,No,17,1,3,1,1,183.74242424242425,0.7687804073554878,2.6
47,No,Travel_Rarely,1,3,Male,1,Research Scientist,5868,4,No,13,1,3,13,2,74.86075949367087,0.007778153533987148,2.4
39,No,Non-Travel,4,3,Male,2,Human Resources,6472,6,No,19,1,2,9,2,346.56666666666666,0.6887563720303934,2.2
24,No,Travel_Rarely,11,2,Male,2,Healthcare Representative,2725,1,Yes,12,0,3,6,5,213.6125,0.840540698695067,2.6
43,No,Travel_Rarely,25,2,Male,3,Research Director,26707,3,No,17,1,2,10,8,329.71604938271605,0.0,2.2
34,No,Travel_Frequently,26,4,Female,2,Sales Executive,12069,0,No,18,0,3,2,2,120.69,0.0,2.8
37,No,Travel_Rarely,2,2,Male,1,Laboratory Technician,6502,4,No,14,1,2,5,1,212.84,0.592683079621625,2.2
24,No,Travel_Rarely,6,2,Male,2,Manufacturing Director,2819,6,No,20,2,2,6,2,54.964285714285715,0.3894303660385532,2.8
38,Yes,Travel_Frequently,26,4,Male,2,Sales Executive,22967,5,No,15,0,2,6,3,441.67307692307685,0.0,2.2
31,Yes,Non-Travel,3,3,Male,1,Laboratory Technician,9936,4,No,12,0,2,9,2,164.82022471910113,0.3226532142613675,2.4
44,No,Travel_Rarely,2,2,Male,2,Sales Executive,2559,7,No,12,2,0,8,4,490.2826086956522,0.8865339422693211,3.0
60,Yes,Travel_Rarely,2,2,Male,1,Laboratory Technician,2396,6,Yes,15,0,2,1,0,26.04347826086957,0.0,2.8
29,No,Travel_Rarely,2,1,Female,2,Manufacturing Director,4973,1,No,17,2,5,0,7,64.58441558441558,0.0,3.4
46,No,Travel_Rarely,23,4,Female,1,Laboratory Technician,5855,0,No,16,1,2,9,4,106.54945054945057,0.3961427392739274,2.4
37,No,Travel_Rarely,2,3,Male,2,Sales Executive,3564,1,Yes,11,0,3,8,4,70.83783783783784,0.3201068294544067,2.8
34,No,Travel_Rarely,6,3,Female,5,Manager,2742,7,No,13,0,2,2,12,278.25925925925924,0.8783442033808067,2.6
45,No,Non-Travel,9,4,Male,1,Research Scientist,7551,0,Yes,16,0,1,20,2,179.78571428571428,0.0,2.8
51,No,Travel_Rarely,9,3,Female,1,Laboratory Technician,4936,1,No,11,3,2,7,0,442.51666666666665,0.8140936311250047,2.6
45,Yes,Travel_Rarely,8,1,Female,1,Laboratory Technician,5006,1,Yes,11,0,3,5,4,221.35483870967738,0.7568250267171864,2.6
38,No,Travel_Rarely,28,3,Female,4,Research Director,6545,4,Yes,11,0,1,3,2,521.4418604651163,0.7080991882972081,2.6
28,No,Travel_Rarely,23,3,Male,1,Research Scientist,2713,1,No,25,3,2,5,7,232.39583333333331,0.8783953384132676,2.0
56,No,Travel_Rarely,28,3,Female,1,Research Scientist,16090,4,No,12,0,2,5,2,223.47222222222226,0.0,3.2
35,No,Travel_Rarely,7,4,Male,2,Research Scientist,5628,6,Yes,16,0,2,9,0,72.15384615384616,0.0,3.0
30,No,Travel_Rarely,9,3,Female,1,Research Scientist,2693,1,No,16,1,3,1,3,284.1290322580645,0.8471276112624887,3.4
49,Yes,Travel_Rarely,3,2,Male,1,Sales Representative,3810,1,Yes,14,0,2,6,2,44.30232558139535,0.0,2.4
29,No,Travel_Rarely,29,2,Male,2,Sales Executive,4267,5,No,12,2,2,0,0,147.64444444444445,0.3577664057796508,2.2
38,No,Travel_Rarely,10,4,Male,3,Sales Executive,2983,2,No,12,1,3,3,0,308.23880597014926,0.8555587836529149,1.8
34,Yes,Travel_Rarely,8,1,Male,1,Laboratory Technician,2768,1,Yes,17,0,3,7,0,202.51898734177212,0.8269891868241765,2.6
40,No,Travel_Rarely,11,4,Female,4,Manager,10435,3,No,20,1,2,18,9,281.1034482758621,0.5733153418384037,2.6
38,No,Travel_Frequently,8,1,Male,1,Laboratory Technician,4892,1,No,19,0,1,8,0,147.80555555555554,0.08062394286788198,3.8
22,No,Non-Travel,7,1,Female,1,Laboratory Technician,6054,6,No,14,3,6,1,3,97.64516129032258,0.0,2.6
60,No,Travel_Rarely,2,3,Male,1,Research Scientist,5405,1,No,14,0,1,2,2,144.71794871794873,0.5211729270021261,3.0
45,Yes,Travel_Rarely,20,2,Male,1,Human Resources,6889,0,Yes,11,0,2,7,1,157.2608695652174,0.36512763800571374,3.0
34,No,Travel_Rarely,2,1,Female,1,Laboratory Technician,6029,6,Yes,19,1,3,2,2,128.03508771929822,0.17388325568648946,3.0
28,No,Travel_Rarely,10,4,Male,2,Human Resources,4908,3,No,11,0,3,4,3,208.64788732394362,0.6686917780477927,3.0
34,No,Travel_Rarely,1,4,Male,2,Sales Executive,2691,0,No,11,1,4,10,1,163.70666666666668,0.780827496334908,3.2
41,No,Travel_Rarely,1,4,Male,2,Research Scientist,2289,9,No,17,1,2,5,2,289.06666666666666,0.8240313653136532,2.6
39,No,Travel_Frequently,1,4,Male,2,Healthcare Representative,12169,4,No,12,0,2,18,2,329.79545454545456,0.16139480394183722,2.8
38,No,Travel_Frequently,8,2,Male,1,Research Scientist,4488,1,No,21,0,2,13,3,71.74242424242425,0.05216473072861669,3.6
36,No,Travel_Rarely,18,1,Male,2,Sales Executive,2342,2,No,11,0,3,5,2,134.16129032258064,0.8122946221046726,2.4
30,No,Travel_Frequently,5,3,Female,1,Sales Representative,3909,1,No,11,1,2,9,2,59.14285714285714,0.21316425120772947,2.8
35,No,Travel_Rarely,2,3,Female,2,Sales Executive,4859,8,No,15,0,3,5,7,172.53225806451616,0.5457604935963354,3.0
47,Yes,Travel_Rarely,9,3,Male,1,Laboratory Technician,16998,2,Yes,11,0,3,17,0,190.98876404494385,0.0,2.2
32,No,Non-Travel,2,4,Male,1,Sales Representative,4087,1,Yes,18,0,3,6,2,202.1076923076923,0.6888939636142194,2.6
45,Yes,Travel_Rarely,9,4,Male,2,Sales Executive,18385,0,Yes,17,0,2,10,2,238.76623376623374,0.0,1.8
34,No,Travel_Frequently,8,3,Female,2,Sales Executive,2231,1,No,15,2,3,4,7,208.80357142857144,0.8092020867185495,3.6
32,No,Travel_Rarely,27,5,Female,2,Sales Executive,11159,7,No,23,1,6,7,7,255.3030303030303,0.5584965380811078,3.2
54,No,Travel_Rarely,9,3,Female,5,Research Director,3735,2,No,17,1,6,10,16,272.28125,0.7856650981292321,2.6
39,No,Non-Travel,8,5,Male,4,Research Director,8847,3,No,11,0,2,6,2,117.41935483870968,0.18983516483516485,2.6
30,Yes,Non-Travel,4,4,Male,2,Sales Executive,8450,1,Yes,12,0,2,11,7,176.54166666666663,0.002832192589096059,3.0
35,No,Travel_Rarely,7,4,Female,2,Sales Executive,12761,7,No,14,2,4,19,2,174.8082191780822,0.0,2.6
30,No,Travel_Frequently,8,2,Female,2,Manufacturing Director,4011,2,Yes,16,1,2,12,0,54.79347826086956,0.2043245387819877,2.2
53,No,Travel_Rarely,2,3,Male,1,Laboratory Technician,2450,7,No,15,0,4,2,2,37.078651685393254,0.2575757575757576,2.6
45,No,Travel_Rarely,6,2,Male,1,Laboratory Technician,2348,1,No,11,1,2,17,4,409.4,0.8566194430874451,2.8
31,Yes,Travel_Rarely,1,3,Male,1,Research Scientist,5582,0,No,14,0,2,9,2,232.43529411764703,0.7174672268056891,3.0
47,No,Non-Travel,1,2,Male,3,Research Director,5467,1,Yes,12,0,4,8,14,154.55102040816325,0.6390466129671201,2.8
26,No,Travel_Frequently,10,4,Female,3,Healthcare Representative,5747,3,No,12,0,3,2,7,91.22222222222223,0.0,2.8
33,Yes,Travel_Rarely,4,3,Male,2,Sales Executive,9558,1,No,18,0,2,10,7,170.67857142857142,0.0,2.4
49,No,Travel_Rarely,1,3,Female,4,Research Director,3423,3,No,14,2,2,7,7,160.50574712643675,0.7548696648524778,2.8
38,No,Travel_Frequently,2,3,Male,1,Laboratory Technician,2610,1,Yes,12,1,2,4,2,273.5,0.8164815075235551,3.0
28,No,Travel_Rarely,3,4,Male,4,Research Director,2028,3,Yes,16,3,2,4,3,467.02222222222224,0.9035020936429388,3.0
36,No,Travel_Rarely,7,1,Male,1,Research Scientist,3886,1,No,11,2,2,10,2,420.265625,0.8555229207718333,3.2
42,No,Non-Travel,3,3,Male,1,Research Scientist,9256,1,No,12,0,2,20,10,388.2826086956522,0.4817759363977381,2.6
32,No,Travel_Rarely,6,3,Male,2,Healthcare Representative,13119,2,No,13,0,2,1,2,135.24742268041237,0.0,2.6
59,No,Travel_Rarely,22,3,Male,3,Manager,11904,7,No,18,1,1,6,7,269.01408450704224,0.3767539267015707,2.4
45,Yes,Travel_Rarely,9,4,Male,1,Laboratory Technician,4805,3,No,14,0,3,8,4,253.84883720930236,0.7799001419999084,2.2
36,Yes,Travel_Rarely,11,3,Male,3,Sales Executive,5860,1,No,18,2,2,3,8,205.7441860465116,0.33762857465807616,3.0
42,No,Travel_Rarely,7,2,Female,3,Manufacturing Director,14034,1,No,24,1,5,5,9,292.375,0.0,2.4
28,No,Travel_Rarely,1,5,Male,2,Sales Executive,3485,5,Yes,21,1,2,0,3,53.45333333333333,0.13070591169867798,2.2
46,No,Travel_Rarely,2,4,Male,1,Research Scientist,6073,1,No,11,1,3,4,3,229.17073170731706,0.3536611323967645,2.4
29,No,Travel_Rarely,29,4,Female,1,Sales Representative,2974,2,No,15,2,2,5,8,494.7,0.8497068930665049,2.4
40,No,Travel_Rarely,1,2,Male,1,Laboratory Technician,9705,1,No,12,3,2,1,1,346.42372881355936,0.5251724644062821,2.4
40,No,Travel_Rarely,19,2,Male,2,Research Scientist,3875,2,No,16,2,2,2,0,552.1388888888888,0.8050510640438698,2.0
28,No,Travel_Rarely,2,1,Female,1,Research Scientist,8268,7,No,13,0,2,7,3,332.8,0.6177884615384616,2.2
47,Yes,Non-Travel,25,4,Male,3,Sales Executive,11849,2,Yes,12,0,2,10,4,302.3684210526316,0.31250362634174644,2.8
41,No,Non-Travel,25,4,Male,3,Healthcare Representative,6230,1,Yes,11,1,3,14,10,122.36842105263158,0.10681003584229393,2.8
46,Yes,Travel_Rarely,13,5,Female,2,Sales Executive,8658,5,Yes,13,3,2,8,2,197.36458333333331,0.5430411146883412,2.0
19,No,Travel_Rarely,9,3,Female,1,Research Scientist,1483,6,No,18,2,2,1,0,245.8901098901099,0.9337236324633535,2.6
34,No,Travel_Rarely,8,5,Male,1,Laboratory Technician,5869,1,No,19,3,2,15,2,111.7816091954023,0.3965038560411311,2.4
30,No,Travel_Frequently,6,2,Female,1,Human Resources,25657,8,No,17,0,2,4,2,493.4038461538461,0.0,2.8
35,Yes,Travel_Frequently,2,3,Male,2,Manufacturing Director,7653,4,No,11,2,3,10,2,108.50617283950619,0.12925247468426446,2.4
45,No,Travel_Rarely,7,3,Male,2,Healthcare Representative,9724,8,No,19,0,2,1,6,425.4181818181818,0.5844089238396444,1.8
34,No,Travel_Rarely,21,4,Male,2,Sales Executive,19921,1,No,12,0,3,2,7,269.20270270270265,0.0,3.8
37,Yes,Travel_Rarely,9,2,Male,3,Sales Executive,2501,1,No,16,0,4,5,8,212.4375,0.8160488378934981,3.2
31,No,Travel_Rarely,11,3,Female,1,Laboratory Technician,19106,4,No,18,0,2,11,2,203.25531914893617,0.0,2.2
46,No,Travel_Rarely,1,2,Female,2,Sales Executive,2823,1,Yes,14,1,2,7,14,61.125,0.17528483786152502,3.0
27,No,Travel_Frequently,4,4,Female,2,Sales Executive,2379,4,No,14,1,3,5,11,310.4255319148936,0.8369431117203564,3.2
39,No,Travel_Rarely,20,3,Male,3,Healthcare Representative,3230,2,Yes,18,1,4,5,7,209.08421052631581,0.8373860947490308,1.8
27,No,Travel_Rarely,3,2,Female,1,Laboratory Technician,2561,5,No,22,1,2,2,0,65.66666666666667,0.0,2.4
35,No,Non-Travel,1,1,Male,3,Sales Executive,6599,1,No,14,1,3,1,10,157.11904761904762,0.0,3.2
33,No,Travel_Rarely,28,2,Male,2,Sales Executive,2277,1,No,20,2,4,4,3,112.54545454545456,0.6934571890145396,2.8
31,No,Travel_Rarely,26,3,Male,2,Sales Executive,5915,1,No,11,1,2,7,3,504.83333333333326,0.7559012875536479,2.4
30,No,Travel_Rarely,8,1,Male,1,Laboratory Technician,3491,1,No,11,1,2,10,3,372.33333333333326,0.8046665174574754,2.6
33,No,Travel_Rarely,1,3,Male,2,Sales Executive,13610,9,No,11,0,2,7,9,219.51764705882354,0.2705932793826036,2.8
28,No,Travel_Rarely,19,4,Female,2,Manufacturing Director,22670,9,Yes,11,2,5,5,3,238.63157894736838,0.0,2.6
40,No,Non-Travel,22,4,Male,2,Research Scientist,10932,1,Yes,15,0,2,1,10,308.09302325581393,0.5874094202898551,2.8
33,No,Travel_Rarely,16,4,Male,2,Sales Executive,3143,4,No,19,2,1,10,0,372.09090909090907,0.8720172652496132,3.2
33,No,Travel_Frequently,4,3,Male,2,Manufacturing Director,4373,1,No,12,1,2,4,13,195.14285714285717,0.7713344488600711,2.8
34,No,Travel_Rarely,7,2,Male,3,Sales Executive,2932,7,Yes,18,1,2,5,2,265.5769230769231,0.8584600531016172,2.8
40,No,Travel_Rarely,1,5,Male,2,Human Resources,10503,4,Yes,11,0,3,6,7,454.6756756756757,0.3756761576413244,2.8
45,Yes,Travel_Frequently,13,4,Male,4,Sales Executive,9277,6,Yes,17,0,3,4,7,109.14117647058822,0.0,2.6
43,No,Travel_Frequently,9,4,Male,1,Laboratory Technician,2437,3,No,23,2,4,1,2,195.05208333333331,0.8698531375166889,3.2
34,No,Travel_Rarely,6,2,Female,2,Research Scientist,4381,3,Yes,12,2,3,6,9,283.1666666666667,0.8016480282519128,2.6
38,No,Travel_Rarely,1,2,Female,1,Research Scientist,13206,1,Yes,13,1,3,18,5,274.6265060240964,0.4206370097394051,3.0
38,No,Travel_Rarely,29,4,Male,2,Sales Executive,10609,8,No,19,3,6,16,3,216.2622950819672,0.1958004851425106,2.6
32,Yes,Travel_Rarely,7,2,Female,1,Laboratory Technician,3666,8,No,11,1,2,13,9,72.6111111111111,0.2987758224942617,3.0
36,No,Travel_Rarely,7,1,Female,1,Sales Representative,5228,1,No,13,1,2,2,0,213.05263157894737,0.6771245059288538,2.8
44,No,Travel_Rarely,5,2,Male,2,Healthcare Representative,18384,1,No,12,2,4,3,3,216.28235294117644,0.0,2.8
56,No,Travel_Rarely,23,2,Female,1,Research Scientist,5380,1,No,24,1,3,0,7,293.5679012345679,0.7737499474326086,3.2
43,No,Travel_Rarely,28,3,Female,1,Research Scientist,4585,4,No,20,1,5,20,4,173.18556701030928,0.7270670873266266,3.6
33,Yes,Travel_Rarely,9,3,Female,1,Sales Representative,8224,1,No,13,0,3,5,2,281.34615384615387,0.4378673957621326,2.2
26,No,Travel_Rarely,3,3,Female,1,Research Scientist,2368,3,No,17,1,3,5,0,120.8,0.7199621570482497,2.6
31,Yes,Travel_Frequently,10,3,Female,1,Research Scientist,11479,6,Yes,20,0,2,10,0,124.77173913043478,0.0,2.6
46,No,Travel_Rarely,5,2,Male,2,Sales Executive,3904,1,No,14,1,2,5,8,185.22916666666663,0.5609042852322573,2.8
29,No,Travel_Frequently,18,4,Female,5,Research Director,2125,1,Yes,17,1,3,3,9,54.82758620689656,0.33176100628930816,3.0
31,No,Travel_Rarely,6,2,Male,2,Sales Representative,16047,2,Yes,20,1,2,1,7,471.97058823529403,0.0,2.6
40,No,Travel_Rarely,13,2,Male,1,Sales Representative,2809,1,No,13,1,2,2,0,91.06410256410255,0.6045332957905111,3.0
27,No,Travel_Rarely,8,1,Male,2,Research Scientist,24907,1,No,23,1,3,5,7,408.31147540983613,0.0,2.8
42,Yes,Travel_Rarely,25,3,Male,1,Laboratory Technician,4907,1,No,12,0,3,20,0,219.95833333333331,0.5352339458230726,2.0
34,No,Travel_Rarely,1,3,Male,1,Research Scientist,9713,2,No,16,1,2,5,2,293.1666666666667,0.07968542732613228,2.4
38,No,Travel_Rarely,1,3,Male,3,Sales Executive,6770,1,No,21,0,3,7,8,211.5625,0.0,2.2
34,No,Travel_Rarely,3,3,Male,1,Laboratory Technician,3420,4,No,15,1,2,6,3,315.7358490566038,0.7956256722839727,2.8
52,No,Travel_Frequently,2,2,Female,4,Manager,12982,1,Yes,11,1,3,9,14,393.3939393939394,0.0,3.0
28,Yes,Travel_Rarely,1,4,Female,1,Research Scientist,5207,1,Yes,13,0,2,7,9,82.65079365079364,0.0,3.2
56,No,Travel_Rarely,7,4,Male,2,Laboratory Technician,7260,3,No,22,1,2,6,7,198.5,0.2380352644836272,3.4
26,No,Travel_Frequently,3,4,Female,1,Research Scientist,4364,1,Yes,11,0,2,2,7,413.5535714285714,0.8115635390129108,3.2
31,No,Travel_Rarely,14,3,Male,1,Research Scientist,6582,1,Yes,14,2,2,6,7,342.3095238095238,0.5421854350699034,2.2
42,No,Travel_Rarely,2,2,Male,2,Manufacturing Director,5155,2,No,14,1,3,6,7,271.57777777777784,0.7890925456181982,3.0
41,No,Travel_Rarely,21,4,Male,3,Manufacturing Director,6870,1,No,11,1,3,3,9,199.90196078431373,0.3261402648357038,2.6
46,No,Travel_Rarely,23,3,Female,1,Research Scientist,3032,1,No,22,2,2,11,2,33.68888888888889,0.0,2.2
32,No,Travel_Frequently,11,4,Male,2,Sales Executive,4648,3,No,12,0,2,0,1,102.3875,0.4325479184470761,3.6
32,No,Travel_Rarely,9,1,Female,3,Sales Executive,3931,3,Yes,13,1,5,4,7,220.79166666666663,0.8145404793357237,3.0
24,No,Travel_Rarely,2,4,Female,2,Sales Executive,3698,1,Yes,20,0,2,3,7,61.716049382716044,0.26025205041008204,2.2
31,No,Travel_Frequently,2,2,Female,2,Manufacturing Director,3334,1,No,12,0,3,3,7,301.15625,0.654041714226419,3.4
20,No,Travel_Rarely,12,4,Male,2,Manufacturing Director,3033,9,Yes,12,2,2,2,2,163.43421052631578,0.7558167619354319,2.8
38,No,Travel_Frequently,16,4,Female,2,Sales Executive,13494,4,No,13,2,3,5,2,137.69387755102042,0.0,1.8
28,No,Travel_Rarely,4,3,Male,2,Sales Executive,8863,1,No,15,0,2,2,4,206.11627906976744,0.0,2.8
35,No,Travel_Rarely,11,3,Male,2,Human Resources,5098,4,No,11,2,5,10,9,389.875,0.7665002519122429,3.0
42,Yes,Travel_Rarely,5,3,Male,2,Sales Executive,13348,1,Yes,11,0,3,5,4,586.0652173913044,0.5048777773656293,3.0
30,Yes,Non-Travel,1,2,Female,2,Sales Executive,8412,8,Yes,11,0,3,9,4,207.22340425531914,0.5681503157246265,2.2
23,No,Travel_Rarely,17,3,Female,1,Research Scientist,3295,2,No,13,0,3,3,0,57.82432432432432,0.2299602710913765,3.0
42,No,Travel_Rarely,1,3,Male,1,Research Scientist,4272,1,No,14,1,3,1,0,174.02777777777774,0.6590582601755786,2.2
37,No,Travel_Rarely,2,3,Male,2,Manufacturing Director,16321,5,No,18,1,2,10,1,194.297619047619,0.0,2.8
32,Yes,Travel_Rarely,1,2,Male,1,Research Scientist,9204,1,Yes,12,3,2,4,3,112.04040404040406,0.1702127659574468,2.6
49,No,Travel_Rarely,15,2,Male,5,Research Director,10849,5,No,11,1,2,5,2,208.63461538461542,0.0,2.6
40,Yes,Travel_Rarely,9,4,Female,1,Sales Representative,6377,7,No,23,0,2,12,3,85.1951219512195,0.0871743486973948,2.2
45,No,Travel_Rarely,1,3,Female,3,Sales Executive,19566,1,No,16,1,3,1,7,399.30612244897964,0.0,2.6
29,No,Travel_Rarely,5,4,Female,1,Research Scientist,2373,9,No,12,1,2,7,4,44.52,0.2893081761006289,2.4
18,No,Non-Travel,25,3,Male,1,Research Scientist,21221,1,Yes,12,0,2,1,0,372.2982456140351,0.0,3.4
35,No,Travel_Rarely,1,4,Male,1,Laboratory Technician,20490,3,No,16,1,2,10,2,215.68421052631575,0.0,2.2
31,Yes,Travel_Rarely,1,2,Female,1,Laboratory Technician,6689,1,Yes,11,1,2,11,0,306.4166666666667,0.3936179856767292,2.4
38,No,Travel_Rarely,19,2,Male,3,Sales Executive,2899,1,Yes,13,0,3,2,0,150.4375,0.3977980889073536,2.6
29,Yes,Travel_Rarely,3,3,Female,1,Laboratory Technician,9396,5,No,13,1,3,2,2,103.25274725274727,0.0,2.2
39,Yes,Travel_Rarely,25,5,Male,1,Research Scientist,18300,5,No,16,0,2,15,2,257.7464788732394,0.0,2.6
25,No,Travel_Rarely,6,3,Female,2,Research Scientist,6180,1,Yes,14,0,2,6,7,274.01369863013696,0.6910463430485427,1.6
32,Yes,Travel_Frequently,9,4,Male,2,Laboratory Technician,5689,4,No,17,1,2,10,1,66.75268817204301,0.08360180412371132,2.6
34,Yes,Travel_Rarely,24,3,Male,1,Laboratory Technician,5429,1,Yes,18,0,1,8,0,351.7121212121212,0.7661224313962004,2.2
35,No,Travel_Rarely,8,3,Male,2,Sales Executive,8321,0,No,22,1,1,5,2,275.0526315789473,0.4692562826891185,3.2
29,No,Travel_Rarely,2,2,Female,2,Sales Executive,4258,3,No,14,1,5,10,8,46.28260869565217,0.0,2.6
34,No,Travel_Rarely,1,3,Female,1,Research Scientist,11994,1,No,18,0,4,12,2,470.75,0.3630377057886352,3.0
29,No,Travel_Frequently,1,3,Female,1,Laboratory Technician,3425,2,No,15,1,4,5,2,67.03488372093024,0.4058976582827407,2.8
34,No,Travel_Rarely,2,2,Female,3,Manufacturing Director,6244,3,Yes,19,1,6,5,4,262.94444444444446,0.5602507218818227,3.4
28,No,Travel_Frequently,24,2,Male,2,Research Scientist,24447,1,No,17,2,3,3,8,394.30645161290323,0.0,2.4
50,No,Travel_Rarely,2,3,Female,5,Research Director,13269,8,No,12,3,3,14,0,330.0833333333333,0.3300176723049735,2.2
29,No,Travel_Rarely,6,3,Female,4,Sales Executive,4193,9,No,11,3,3,9,7,212.27906976744183,0.7703220858895705,2.8
41,Yes,Travel_Rarely,16,3,Female,3,Sales Executive,2778,2,Yes,20,0,1,7,0,136.37837837837841,0.7247324613555292,2.0
40,No,Travel_Rarely,5,2,Male,5,Manager,2345,6,No,13,0,2,3,0,86.33333333333331,0.6981981981981982,3.2
29,No,Travel_Rarely,20,3,Male,2,Laboratory Technician,18624,1,No,11,1,2,3,8,209.25842696629212,0.0,2.4
30,No,Travel_Rarely,1,1,Male,2,Sales Executive,2206,7,No,11,0,5,10,3,432.77192982456137,0.9105724014918112,2.4
51,No,Travel_Rarely,7,4,Female,2,Research Scientist,13588,5,Yes,22,1,6,7,3,176.0769230769231,0.010630551914955584,2.8
31,No,Travel_Rarely,2,3,Female,1,Research Scientist,4956,0,No,23,1,2,10,4,80.59210526315789,0.19085714285714286,3.0
34,No,Travel_Rarely,9,2,Female,1,Research Scientist,4538,1,Yes,13,0,3,3,7,123.08196721311475,0.3955780500799148,2.6
44,No,Travel_Rarely,20,4,Male,2,Research Scientist,2436,3,No,12,0,2,4,3,544.6774193548387,0.8557299378146284,3.2
27,Yes,Travel_Rarely,21,3,Female,1,Laboratory Technician,19373,1,No,20,1,2,4,1,523.5945945945947,0.0,2.4
40,Yes,Travel_Rarely,1,1,Male,1,Sales Representative,9150,1,Yes,11,0,2,12,2,109.64646464646464,0.1570704744357439,2.2
30,No,Travel_Rarely,12,3,Male,3,Sales Executive,5294,4,No,11,0,3,7,2,86.2987012987013,0.2033107599699022,3.4
32,No,Travel_Rarely,11,3,Female,3,Healthcare Representative,3312,1,No,17,1,3,3,9,562.4333333333333,0.8037100693415515,2.4
34,No,Travel_Frequently,1,4,Female,3,Healthcare Representative,4444,7,No,16,1,2,11,2,127.50515463917526,0.6406856403622251,2.8
35,No,Travel_Rarely,9,4,Male,2,Healthcare Representative,10221,9,No,19,0,3,8,1,199.9381443298969,0.4729813344333299,2.6
32,No,Travel_Rarely,24,3,Male,1,Sales Representative,5530,0,No,13,2,5,6,2,145.5263157894737,0.0,3.4
36,No,Travel_Rarely,15,3,Female,1,Laboratory Technician,23785,1,No,15,0,3,2,0,403.135593220339,0.0,3.0
39,No,Non-Travel,2,3,Female,3,Sales Executive,5093,4,Yes,12,1,2,1,6,75.62162162162163,0.08988563259471051,2.8
29,Yes,Travel_Rarely,1,3,Male,1,Laboratory Technician,2936,1,No,15,2,4,6,0,159.11111111111111,0.5899441340782123,1.8
43,No,Travel_Rarely,1,3,Male,1,Research Scientist,4732,2,No,11,0,1,10,2,89.40476190476191,0.3699067909454061,2.4
39,No,Travel_Rarely,6,3,Female,1,Laboratory Technician,20251,0,No,11,1,2,19,13,430.87234042553183,0.0,3.4
56,No,Travel_Frequently,9,4,Female,1,Laboratory Technician,13212,9,No,17,1,2,7,3,590.9767441860465,0.4800881473319691,3.2
52,No,Travel_Rarely,29,1,Female,3,Manager,23978,3,No,21,1,2,5,0,263.4945054945055,0.0,2.0
50,No,Travel_Rarely,2,1,Male,3,Manufacturing Director,10496,3,No,18,1,2,4,2,243.2769230769231,0.3362423322582685,2.8
34,Yes,Travel_Rarely,22,1,Male,1,Sales Representative,6274,1,Yes,19,0,5,6,0,536.4,0.7660700969425802,3.2
38,No,Travel_Frequently,3,4,Male,3,Research Director,2821,9,No,12,1,2,2,2,185.24657534246572,0.7913924425053612,2.4
34,Yes,Travel_Frequently,2,3,Male,1,Research Scientist,5343,6,Yes,14,1,2,13,2,269.2280701754386,0.6518310960510882,2.0
35,No,Travel_Rarely,10,2,Male,3,Manufacturing Director,4581,1,No,21,2,2,11,7,150.28125,0.047411104179663134,2.6
42,No,Travel_Rarely,27,4,Female,2,Manufacturing Director,5151,2,No,16,1,1,5,7,106.75510204081631,0.015293442936341044,3.0
27,No,Travel_Rarely,16,4,Male,2,Sales Executive,6142,8,No,14,1,0,6,7,142.63541666666666,0.5514496458044256,3.0
20,No,Travel_Rarely,10,3,Male,2,Sales Executive,1009,1,No,13,0,5,1,3,198.3695652173913,0.8894246575342466,2.8
46,No,Non-Travel,1,2,Male,1,Research Scientist,7991,1,No,22,1,3,2,0,359.59574468085106,0.5271877403703923,3.4
37,Yes,Travel_Rarely,20,2,Female,1,Sales Representative,6474,1,Yes,22,0,2,14,3,310.4,0.7020434462444771,2.6
24,No,Travel_Rarely,15,4,Female,4,Research Director,21624,2,Yes,14,0,6,4,2,248.55172413793102,0.0,2.4
46,No,Travel_Rarely,18,4,Male,2,Healthcare Representative,5562,3,Yes,14,2,2,10,7,209.54838709677418,0.5718903940886699,3.0
40,No,Travel_Rarely,15,3,Female,4,Research Director,2213,7,No,14,2,3,7,8,168.01408450704224,0.8144857071003437,2.4
50,No,Travel_Frequently,2,3,Female,2,Research Scientist,9208,1,No,13,0,3,2,8,229.13265306122452,0.5899354264083723,3.2
56,No,Travel_Rarely,27,3,Male,3,Manufacturing Director,11535,8,No,11,1,0,19,7,161.46987951807228,0.13930756603492014,2.6
33,No,Travel_Rarely,15,2,Female,3,Sales Executive,3088,2,No,11,1,2,5,7,73.92553191489361,0.5556195135990789,2.0
27,No,Non-Travel,2,4,Male,2,Manufacturing Director,6349,6,No,13,1,0,5,9,281.98809523809524,0.7319626799510279,2.4
43,No,Travel_Rarely,2,4,Male,3,Research Director,7847,9,No,12,1,3,10,3,400.01666666666665,0.6730552893629432,1.8
28,Yes,Travel_Rarely,10,3,Female,3,Sales Executive,3660,5,No,21,3,4,8,7,218.921875,0.7387766754692742,2.8
40,No,Travel_Rarely,9,3,Male,1,Sales Representative,5473,0,No,19,1,5,8,2,123.48979591836736,0.5477607007106263,2.6
31,No,Travel_Rarely,29,1,Female,2,Manufacturing Director,2109,1,No,14,2,3,3,6,33.052083333333336,0.33532934131736525,2.0
35,No,Travel_Rarely,3,3,Male,1,Laboratory Technician,3407,4,Yes,20,3,2,10,0,123.01234567901234,0.6580690485748695,2.2
41,Yes,Travel_Rarely,9,2,Male,1,Sales Representative,4766,3,No,12,0,2,1,2,223.2647058823529,0.6860756158608879,1.6
38,No,Travel_Rarely,2,4,Female,4,Manager,7861,6,No,14,3,4,1,2,448.63829787234044,0.6271933984634355,2.8
36,Yes,Travel_Rarely,26,4,Male,2,Sales Executive,2741,2,No,14,2,4,7,1,56.3,0.5131438721136767,2.4
43,No,Travel_Rarely,27,1,Female,1,Research Scientist,2645,1,No,11,0,2,5,5,336.8301886792453,0.8518373291507955,2.4
41,No,Travel_Rarely,6,3,Female,2,Healthcare Representative,3376,3,No,23,1,2,10,11,177.83333333333337,0.3671977507029053,2.8
50,No,Travel_Rarely,1,2,Male,3,Manufacturing Director,6009,1,No,11,0,4,10,7,281.5294117647058,0.6861157542833264,2.8
34,No,Non-Travel,4,1,Male,2,Sales Representative,4568,3,No,19,0,2,9,0,260.1111111111111,0.8226088307250203,2.4
55,Yes,Travel_Rarely,15,3,Male,3,Healthcare Representative,10239,1,No,11,1,4,1,7,192.8082191780822,0.2725399644760213,3.0
27,Yes,Travel_Rarely,21,3,Male,1,Sales Representative,9947,1,Yes,13,0,5,7,0,268.8378378378378,0.0,2.8
41,No,Non-Travel,5,2,Female,1,Laboratory Technician,6811,0,No,14,0,3,8,5,303.2142857142857,0.7325873576756969,2.4
54,No,Travel_Rarely,2,5,Male,4,Manager,2632,7,No,16,1,2,5,16,61.824175824175825,0.5321720583007465,2.2
43,No,Travel_Rarely,7,3,Male,1,Laboratory Technician,10950,2,No,11,0,2,8,3,256.3636363636364,0.4452887537993921,2.4
29,No,Travel_Frequently,1,3,Male,2,Sales Executive,2720,1,No,12,0,5,10,7,214.38461538461542,0.7560100466451382,2.2
40,No,Travel_Rarely,2,3,Male,2,Manufacturing Director,3319,5,Yes,24,0,2,9,0,389.1153846153846,0.8359691608184244,2.6
37,No,Travel_Rarely,1,4,Female,2,Sales Executive,21447,6,No,13,0,2,1,0,293.7945205479452,0.0,2.4
54,No,Travel_Rarely,7,3,Male,2,Sales Executive,10725,0,No,14,0,1,9,2,215.03636363636363,0.0931766297454976,2.8
39,Yes,Travel_Rarely,2,4,Male,1,Laboratory Technician,4553,2,No,11,0,4,20,0,189.0506329113924,0.6951456310679611,2.2
37,Yes,Travel_Frequently,9,3,Female,2,Sales Executive,2973,8,No,13,0,2,5,3,111.63529411764706,0.6866898514068922,1.8
34,No,Travel_Frequently,10,3,Male,2,Manufacturing Director,25198,6,Yes,19,0,3,7,2,327.24675324675326,0.0,2.8
45,No,Travel_Rarely,1,2,Male,1,Research Scientist,9380,0,No,12,0,4,3,2,279.74603174603175,0.467771221062188,3.6
24,Yes,Travel_Frequently,2,5,Male,3,Manufacturing Director,2145,0,No,16,1,2,5,7,187.41025641025644,0.853263100287317,2.8
27,No,Travel_Rarely,10,4,Female,2,Healthcare Representative,3517,3,Yes,16,0,2,3,2,82.80392156862743,0.1671797300497277,2.6
28,No,Travel_Rarely,4,4,Male,1,Laboratory Technician,4382,1,No,13,1,2,2,2,564.6170212765958,0.8348720654180954,3.2
29,No,Non-Travel,14,2,Male,4,Research Director,4649,6,No,24,1,3,4,1,55.319148936170215,0.10596153846153847,2.4
44,Yes,Travel_Rarely,2,3,Female,1,Laboratory Technician,21081,6,Yes,13,1,1,2,2,224.2659574468085,0.0,2.6
52,No,Travel_Rarely,1,4,Female,4,Manufacturing Director,13247,4,Yes,20,3,2,5,2,371.8,0.40617715617715616,2.4
53,No,Travel_Rarely,2,3,Female,2,Healthcare Representative,10934,1,No,19,3,2,5,10,159.8989898989899,0.3092861655085281,2.6
37,No,Travel_Rarely,19,1,Male,1,Research Scientist,11992,1,No,24,2,3,7,2,149.9,0.0,2.8
38,No,Travel_Rarely,5,4,Female,1,Research Scientist,10077,0,Yes,12,1,4,9,2,117.17441860465117,0.0,3.2
30,Yes,Travel_Rarely,19,3,Male,1,Research Scientist,20366,6,Yes,12,0,2,10,2,357.298245614035,0.0,3.4
37,Yes,Travel_Frequently,2,4,Male,1,Research Scientist,5968,6,No,17,0,2,9,2,355.9565217391304,0.635519726395505,3.0
51,No,Travel_Rarely,19,3,Female,2,Laboratory Technician,13116,4,No,13,2,2,2,8,489.86956521739125,0.4179462146090353,3.0
24,No,Non-Travel,16,2,Male,1,Research Scientist,2694,9,No,16,1,4,1,2,115.29729729729729,0.6842475386779184,2.8
28,No,Travel_Rarely,2,3,Male,1,Research Scientist,4306,5,Yes,11,0,6,5,2,109.68888888888887,0.12763371150729336,3.4
54,No,Travel_Rarely,3,3,Female,1,Research Scientist,11133,1,No,21,0,3,5,0,194.69662921348316,0.3575138504155125,2.4
39,No,Travel_Rarely,1,3,Female,2,Manufacturing Director,6389,0,No,12,2,3,8,2,121.04838709677419,0.14870086608927385,2.8
31,No,Travel_Rarely,7,3,Female,2,Sales Executive,16985,1,No,14,1,3,9,8,186.64835164835162,0.0,2.8
31,No,Non-Travel,2,4,Female,2,Sales Representative,4244,2,Yes,20,2,5,10,2,127.94805194805195,0.5692245229395047,2.0
29,No,Travel_Rarely,1,3,Female,1,Research Scientist,12719,1,No,25,1,3,1,2,189.83582089552243,0.0,2.6
37,Yes,Travel_Rarely,2,3,Female,1,Research Scientist,7491,4,No,24,0,3,6,0,514.2549019607843,0.7143783124261257,2.8
57,Yes,Travel_Rarely,1,4,Male,2,Sales Executive,4900,7,No,12,2,2,12,3,151.64893617021278,0.6562609610662925,3.0
34,No,Travel_Rarely,19,4,Male,2,Research Scientist,2308,8,No,14,3,4,11,2,125.39024390243902,0.5510601050379303,3.2
46,No,Travel_Rarely,5,4,Female,2,Sales Executive,9071,1,No,11,2,3,3,0,337.1492537313432,0.5984328655540307,2.4
34,No,Travel_Rarely,18,2,Male,3,Manufacturing Director,5337,2,No,11,0,3,10,2,332.4,0.7324007220216606,3.2
32,Yes,Travel_Rarely,8,3,Male,2,Sales Executive,3064,6,No,17,0,3,4,3,90.10526315789473,0.10514018691588783,2.4
41,No,Travel_Rarely,2,3,Male,1,Research Scientist,8045,2,No,14,1,2,9,1,118.30882352941177,0.0,3.2
40,No,Travel_Rarely,4,2,Male,2,Laboratory Technician,2387,1,No,12,0,3,4,7,406.3684210526316,0.8969477183439105,2.4
26,No,Non-Travel,3,3,Male,1,Laboratory Technician,2570,1,No,18,2,5,7,0,412.1951219512195,0.8479289940828403,2.8
35,No,Travel_Frequently,10,3,Female,2,Healthcare Representative,5257,3,No,19,1,3,9,0,291.7631578947368,0.7629205375665193,3.0
45,No,Non-Travel,28,4,Male,2,Healthcare Representative,4386,0,No,11,3,5,9,5,50.53409090909091,0.013717112660220371,3.6
32,No,Travel_Rarely,16,3,Male,3,Healthcare Representative,2660,1,No,19,0,2,2,8,232.9120879120879,0.8744987025241803,2.6
18,No,Non-Travel,15,2,Male,1,Laboratory Technician,1904,1,No,16,1,0,0,2,449.64,0.9153100257984164,2.6
29,Yes,Travel_Rarely,5,2,Male,1,Research Scientist,20293,6,No,17,1,2,0,0,213.61052631578946,0.0,1.2
48,No,Travel_Rarely,2,4,Female,2,Healthcare Representative,2112,2,Yes,17,0,3,0,7,201.67741935483872,0.8310940499040307,2.0
26,Yes,Travel_Rarely,1,1,Male,1,Sales Representative,2061,0,No,21,0,5,1,0,209.89,0.9018057077516796,2.0
26,Yes,Travel_Rarely,10,4,Male,1,Research Scientist,2293,1,Yes,11,0,2,1,4,112.77083333333331,0.7881950859043044,3.0
53,No,Travel_Rarely,12,3,Female,2,Manufacturing Director,7693,4,No,21,0,3,14,4,289.3030303030303,0.5970985649942391,3.0
27,No,Travel_Rarely,1,3,Female,2,Sales Executive,3193,2,No,19,2,3,6,3,137.35714285714286,0.44652452764777256,2.4
33,No,Travel_Rarely,4,3,Male,3,Sales Executive,5487,2,Yes,13,3,2,10,3,381.9375,0.7755277368679431,3.4
44,Yes,Travel_Rarely,9,3,Male,1,Laboratory Technician,10224,7,No,22,0,5,2,4,249.3658536585366,0.0,2.0
26,Yes,Travel_Rarely,9,3,Male,1,Research Scientist,5828,0,Yes,17,1,0,8,0,275.65822784810126,0.7323781971805116,2.4
50,No,Travel_Rarely,4,3,Male,1,Research Scientist,3221,1,No,13,1,3,20,0,109.96703296703295,0.6781253122814029,2.6
30,No,Travel_Rarely,10,2,Female,2,Sales Executive,2132,2,Yes,11,1,2,5,2,233.89534883720933,0.894009445687298,3.4
41,No,Travel_Rarely,2,3,Male,2,Sales Executive,6032,1,No,14,1,3,5,3,277.5081967213115,0.6436672967863895,2.6
51,No,Travel_Rarely,3,3,Male,2,Laboratory Technician,5021,2,Yes,13,1,2,4,3,249.74736842105264,0.7883756216808564,3.0
55,No,Travel_Rarely,22,1,Male,1,Sales Representative,4035,1,No,11,0,2,3,2,498.8571428571428,0.8349288168875798,3.0
26,No,Non-Travel,2,3,Male,4,Research Director,4969,5,No,16,0,6,2,3,107.515625,0.27786658915855256,3.2
49,No,Travel_Rarely,24,1,Female,4,Sales Executive,6567,0,No,11,1,2,15,9,147.13333333333333,0.2561169007702764,2.2
33,No,Travel_Frequently,8,4,Female,2,Healthcare Representative,2157,1,No,12,1,5,3,11,235.5769230769231,0.8239183673469388,3.2
32,No,Non-Travel,2,1,Female,2,Sales Executive,2332,3,No,20,0,3,3,2,474.2325581395349,0.8856414280109847,2.8
38,No,Travel_Rarely,28,3,Male,3,Sales Executive,11373,3,No,15,1,2,1,0,196.08620689655172,0.0,2.2
52,No,Travel_Rarely,10,3,Male,1,Sales Representative,2755,1,No,11,0,5,5,0,202.010101010101,0.8622431121556078,3.0
42,No,Travel_Frequently,2,4,Male,2,Sales Representative,7439,3,No,15,0,3,20,7,198.50980392156865,0.2652113789016199,3.0
32,No,Non-Travel,10,4,Male,2,Sales Executive,7779,1,No,14,0,0,11,4,242.09302325581402,0.2527377521613833,2.4
46,No,Travel_Rarely,25,3,Male,2,Manufacturing Director,10096,1,No,13,0,1,7,3,548.9090909090909,0.5819807883405101,3.0
41,No,Travel_Frequently,2,4,Female,1,Sales Representative,5467,6,No,18,1,4,6,3,150.85333333333332,0.5167933533675093,3.2
40,No,Travel_Rarely,8,1,Male,1,Laboratory Technician,6881,1,No,15,1,2,20,3,73.20212765957447,0.0,1.4
35,No,Travel_Rarely,8,1,Female,2,Manufacturing Director,17689,1,Yes,15,1,2,2,7,223.91139240506328,0.0,2.6
35,No,Travel_Rarely,13,3,Male,1,Laboratory Technician,7331,1,No,20,1,2,10,2,95.20779220779221,0.0,2.6
35,No,Travel_Rarely,9,3,Female,1,Research Scientist,24978,4,No,13,0,4,5,2,480.3461538461538,0.0,2.4
32,No,Non-Travel,14,2,Female,2,Sales Executive,2827,7,No,17,0,3,1,4,115.05882352941177,0.6386758691206544,2.4
32,Yes,Travel_Rarely,10,2,Male,1,Laboratory Technician,3730,1,No,20,0,2,3,2,562.4,0.8526157736684052,2.0
46,No,Travel_Rarely,2,5,Male,3,Sales Executive,2560,0,No,18,0,3,1,7,425.97560975609764,0.8534211279702262,3.0
45,No,Travel_Rarely,6,4,Female,2,Research Scientist,5906,1,No,14,0,2,9,13,304.4390243902439,0.5268386476526198,2.6
36,No,Travel_Rarely,29,1,Female,1,Laboratory Technician,3622,1,No,13,3,2,7,2,39.802197802197796,0.0,2.4
31,No,Travel_Frequently,1,4,Female,1,Laboratory Technician,6762,3,No,22,1,3,1,2,76.8409090909091,0.0,2.6
43,No,Travel_Frequently,5,5,Male,1,Research Scientist,5561,2,Yes,12,0,3,8,2,63.1,0.02077830603979574,2.4
38,No,Travel_Rarely,25,3,Male,3,Sales Executive,2354,7,No,11,0,0,5,16,48.19191919191918,0.5066023894361769,2.2
38,No,Travel_Rarely,8,2,Female,2,Sales Executive,13582,0,Yes,22,1,3,15,3,160.98823529411766,0.0074539608301666185,2.2
27,No,Travel_Rarely,2,3,Male,2,Sales Executive,3058,2,No,19,2,3,5,0,47.269230769230774,0.17059940330892326,2.0
30,No,Non-Travel,2,3,Male,2,Laboratory Technician,4736,5,No,11,0,2,2,2,432.054054054054,0.7037407731765295,2.8
41,No,Travel_Rarely,2,2,Female,1,Laboratory Technician,5003,1,Yes,23,1,6,2,0,288.23809523809524,0.5867338509829837,3.4
36,No,Travel_Rarely,14,1,Female,2,Healthcare Representative,4502,0,Yes,17,1,2,13,8,70.8970588235294,0.0661688446380419,2.6
28,Yes,Travel_Rarely,24,3,Male,1,Sales Representative,4558,1,No,17,0,2,10,0,236.48888888888888,0.5716970494267994,3.0
45,No,Travel_Rarely,1,3,Female,2,Sales Executive,4297,0,No,17,1,2,11,3,82.31818181818181,0.2090925823670164,2.8
43,No,Travel_Frequently,3,4,Female,4,Manager,4739,1,No,11,0,2,3,6,325.2903225806452,0.5300476001586671,2.2
31,No,Non-Travel,1,4,Male,2,Research Scientist,4345,4,No,14,1,2,5,5,406.0322580645162,0.8274012870421864,2.4
34,Yes,Travel_Rarely,11,3,Male,1,Research Scientist,6549,1,Yes,15,0,2,8,0,186.4795918367347,0.6416415868673051,2.2
38,No,Non-Travel,1,4,Male,1,Laboratory Technician,3500,7,No,14,3,2,6,2,160.59375,0.7729778815593177,3.0
35,No,Travel_Rarely,5,2,Female,1,Laboratory Technician,5204,4,No,17,1,2,10,2,95.4639175257732,0.43801295896328296,3.0
47,No,Travel_Rarely,2,3,Female,2,Manufacturing Director,4163,2,No,20,0,0,9,4,576.5813953488373,0.8320897027386762,2.8
30,Yes,Travel_Rarely,2,4,Male,1,Research Scientist,2064,5,Yes,13,0,3,5,2,294.48809523809524,0.91656223470914,2.4
29,No,Travel_Rarely,8,4,Female,2,Research Scientist,4810,9,No,14,2,5,10,9,123.70666666666666,0.481569303729252,3.0
43,No,Travel_Frequently,4,4,Male,1,Sales Representative,2258,4,No,17,1,2,3,8,61.926829268292686,0.11067349350137848,2.8
35,Yes,Travel_Rarely,19,2,Male,1,Sales Representative,9582,1,Yes,18,3,2,8,0,522.1666666666666,0.4902649218001915,2.6
29,No,Travel_Rarely,6,1,Male,1,Research Scientist,5373,0,No,20,0,5,5,2,176.0144927536232,0.5575957184026348,2.8
30,No,Travel_Rarely,26,5,Male,5,Manager,3833,1,No,21,1,2,2,6,383.95,0.8336154881277944,3.0
44,Yes,Travel_Rarely,9,3,Male,1,Sales Representative,10482,1,No,13,0,2,20,0,179.98876404494382,0.34565203820463203,2.8
32,No,Travel_Rarely,5,4,Female,2,Sales Executive,5055,1,No,14,0,2,7,2,247.46938775510205,0.7915635823849579,2.6
26,No,Travel_Rarely,25,3,Male,3,Manufacturing Director,9129,3,No,16,0,2,5,10,117.03846153846152,0.0,2.4
53,No,Travel_Rarely,21,3,Male,4,Manager,11761,4,Yes,13,1,3,2,0,164.38888888888889,0.006336600202771207,3.2
45,No,Travel_Rarely,7,1,Female,1,Sales Representative,4850,0,No,14,0,3,5,2,322.77192982456137,0.7363843896075658,2.6
23,No,Travel_Rarely,7,3,Male,3,Healthcare Representative,3505,8,No,24,0,3,2,2,389.22580645161287,0.7095143378087188,2.6
35,No,Travel_Rarely,1,2,Female,2,Manufacturing Director,10377,6,No,22,2,6,13,2,580.1818181818181,0.4580068943904732,2.4
44,No,Non-Travel,4,3,Male,2,Research Scientist,2290,5,No,15,2,3,0,8,68.82222222222222,0.6302873748789151,3.0
38,No,Travel_Rarely,1,3,Female,1,Laboratory Technician,3702,1,No,15,0,3,5,0,199.02061855670104,0.8082362082362082,3.6
32,Yes,Travel_Rarely,18,1,Female,1,Research Scientist,5878,1,No,19,0,2,4,0,136.46153846153842,0.33731679819616683,2.8
30,No,Travel_Rarely,2,2,Male,1,Research Scientist,8628,1,No,12,2,2,8,3,304.4861111111111,0.6064407243534188,3.4
30,No,Travel_Rarely,19,4,Female,3,Human Resources,6577,2,No,15,1,6,5,7,76.4659090909091,0.022588794768910684,3.0
30,No,Travel_Rarely,28,2,Female,2,Research Scientist,5209,1,No,13,2,4,7,8,186.46875,0.5635160046924753,3.6
49,Yes,Travel_Rarely,26,4,Female,2,Sales Executive,2587,1,Yes,11,0,2,2,7,334.5238095238095,0.8772479240806643,2.8
39,No,Travel_Rarely,28,4,Male,1,Research Scientist,8489,1,No,14,0,3,20,4,182.75342465753425,0.3636908777452965,2.0
41,No,Travel_Rarely,3,3,Male,1,Research Scientist,2127,1,No,11,3,5,4,0,331.42,0.8716432321525557,3.2
45,No,Travel_Rarely,8,4,Female,4,Sales Executive,5770,6,No,17,1,3,10,8,212.125,0.5142688778516711,2.6
32,Yes,Travel_Rarely,3,3,Male,1,Laboratory Technician,25233,1,No,13,0,2,11,0,467.27777777777777,0.0,3.0
36,No,Travel_Frequently,7,4,Male,3,Research Director,3692,0,No,11,0,2,11,6,401.75471698113205,0.8266096839336872,2.4
42,No,Travel_Rarely,26,3,Female,2,Sales Executive,2783,1,No,14,1,2,2,7,300.22972972972974,0.8747355628572715,2.2
41,Yes,Travel_Rarely,2,3,Female,5,Manager,13570,5,Yes,13,1,2,20,2,271.78205128205127,0.3598754658238596,3.0
29,No,Travel_Rarely,2,3,Male,1,Research Scientist,11868,4,No,13,1,2,2,2,123.625,0.0,3.0
43,No,Travel_Rarely,8,2,Female,1,Human Resources,24609,9,No,18,0,2,16,2,256.34375,0.0,3.4
26,Yes,Travel_Rarely,9,2,Female,1,Research Scientist,2148,0,Yes,22,0,2,5,2,224.3913043478261,0.7919007944196861,2.0
36,No,Travel_Rarely,19,3,Female,1,Laboratory Technician,16290,1,No,11,2,2,17,7,243.13432835820896,0.0,2.2
39,No,Non-Travel,17,4,Female,2,Sales Executive,21026,3,Yes,15,3,1,3,7,223.68085106382978,0.0,2.8
34,No,Travel_Rarely,3,3,Male,2,Human Resources,2661,9,No,15,1,2,2,3,426.52272727272725,0.8582085575744658,2.6
43,No,Travel_Rarely,6,3,Female,1,Research Scientist,4522,1,No,13,1,3,5,2,144.54545454545453,0.4311949685534591,3.0
27,No,Travel_Rarely,10,3,Female,3,Sales Executive,6214,2,Yes,19,1,3,8,2,123.01063829787235,0.4625962120556949,3.0
53,No,Travel_Rarely,14,3,Female,1,Sales Representative,2912,1,Yes,18,2,2,14,2,93.93548387096773,0.0,3.2
42,No,Travel_Rarely,3,3,Male,4,Healthcare Representative,7192,3,No,18,0,3,1,7,186.76530612244895,0.6070589520843578,3.0
28,No,Travel_Rarely,5,4,Male,1,Research Scientist,4221,3,No,17,2,3,5,2,536.6571428571428,0.7752755150934355,3.4
40,No,Travel_Rarely,2,1,Female,1,Sales Representative,5715,1,No,12,3,5,5,0,196.671052631579,0.6176490265605138,2.6
34,No,Travel_Rarely,5,2,Female,2,Manufacturing Director,5121,7,No,16,2,3,0,2,379.9508196721312,0.7790481943305864,3.2
40,No,Travel_Rarely,25,3,Female,3,Sales Executive,5268,5,No,13,1,3,20,0,167.55696202531647,0.6020246279368437,3.0
34,Yes,Travel_Rarely,24,3,Female,1,Laboratory Technician,7324,1,Yes,17,3,3,9,1,145.33333333333334,0.011872638963842415,2.8
38,No,Non-Travel,26,3,Female,2,Research Scientist,8504,1,No,11,1,2,5,7,157.4814814814815,0.0,2.2
31,No,Travel_Rarely,5,3,Male,1,Research Scientist,3477,5,No,14,1,2,5,2,123.98809523809523,0.6661545847335574,3.0
34,No,Travel_Rarely,18,4,Female,3,Manufacturing Director,4599,6,No,12,0,2,15,7,298.5373134328358,0.7700729927007299,3.4
33,No,Travel_Rarely,27,3,Female,1,Laboratory Technician,3838,5,No,12,1,5,5,4,67.29885057471265,0.34449188727583263,3.2
28,No,Travel_Rarely,25,2,Male,2,Healthcare Representative,2408,7,No,13,2,3,1,2,330.21153846153845,0.8597635548308195,3.0
37,No,Travel_Rarely,12,4,Male,2,Sales Executive,2900,3,Yes,12,2,2,5,0,55.63636363636363,0.323062558356676,3.0
56,No,Travel_Rarely,2,4,Male,1,Laboratory Technician,2339,4,No,21,0,4,10,8,155.53164556962025,0.8096362008627004,3.0
37,No,Travel_Rarely,10,4,Male,2,Sales Executive,5768,1,Yes,13,1,2,4,9,96.1904761904762,0.04818481848184818,2.2
23,No,Travel_Rarely,10,4,Male,2,Healthcare Representative,2904,2,Yes,13,0,2,4,2,466.3658536585366,0.8481250980597249,3.8
35,No,Travel_Rarely,4,3,Male,2,Manufacturing Director,5174,1,Yes,20,1,2,10,2,59.4712643678161,0.0,2.6
37,No,Travel_Rarely,8,3,Male,1,Research Scientist,4189,7,No,17,0,2,5,2,261.51162790697674,0.8137394397510005,2.6
29,No,Travel_Rarely,2,3,Male,1,Laboratory Technician,3956,1,No,13,1,3,10,0,55.82666666666667,0.05517076665870552,2.8
35,No,Travel_Rarely,24,4,Male,1,Human Resources,8318,1,No,16,0,3,9,3,231.05555555555557,0.0,2.2
56,Yes,Travel_Rarely,13,3,Male,1,Human Resources,2587,4,Yes,15,3,3,4,2,56.375,0.18055115616091225,2.2
31,Yes,Travel_Rarely,13,4,Male,2,Sales Executive,3388,2,No,17,0,0,1,1,250.2608695652174,0.7056984016678248,2.0
42,No,Travel_Rarely,7,3,Male,4,Research Director,2696,3,No,19,0,5,3,1,229.05084745762716,0.8005031818854521,3.2
30,No,Travel_Rarely,5,3,Female,1,Research Scientist,3204,1,Yes,16,1,3,3,2,206.53333333333333,0.7414460942543577,2.6
34,No,Travel_Frequently,3,3,Female,2,Sales Executive,15891,3,No,18,0,3,3,9,196.1851851851852,0.0,2.6
29,Yes,Travel_Frequently,2,2,Female,1,Laboratory Technician,5355,7,No,11,0,1,8,0,140.92105263157896,0.0,2.2
27,No,Travel_Rarely,6,3,Female,2,Manufacturing Director,2279,6,Yes,15,0,2,7,4,106.42105263157896,0.7745796241345203,3.0
34,No,Travel_Rarely,1,2,Male,1,Human Resources,9888,1,No,15,1,3,14,2,244.04651162790694,0.0577472841623785,3.0
36,No,Travel_Frequently,6,3,Female,2,Research Scientist,4639,7,Yes,12,3,2,15,11,198.9493670886076,0.7048418909461093,2.8
34,Yes,Travel_Rarely,4,1,Female,1,Laboratory Technician,4789,5,No,16,0,3,3,2,92.21212121212122,0.4754080403110965,2.8
42,Yes,Travel_Rarely,7,3,Male,1,Laboratory Technician,3968,3,Yes,13,2,3,0,7,443.2051282051282,0.7704367949088805,2.4
29,Yes,Travel_Rarely,2,3,Male,1,Laboratory Technician,26619,1,Yes,12,1,2,7,0,385.7826086956522,0.0,2.4
47,No,Non-Travel,1,1,Male,1,Research Scientist,4978,1,No,13,0,3,1,0,213.77464788732397,0.6720252997759916,3.0
30,No,Non-Travel,1,4,Male,1,Sales Representative,5249,0,No,14,1,0,8,2,265.0588235294117,0.7087771859742565,2.2
26,No,Travel_Rarely,3,1,Male,1,Laboratory Technician,16102,1,No,14,0,0,1,0,203.82278481012662,0.0,2.8
33,No,Travel_Rarely,18,3,Male,2,Manufacturing Director,26314,2,No,14,1,2,4,7,302.4597701149425,0.0,2.8
40,No,Travel_Frequently,1,4,Female,2,Human Resources,4647,4,No,11,0,3,6,2,537.88,0.8272105302297911,2.4
30,No,Travel_Frequently,19,1,Male,1,Laboratory Technician,2613,3,No,11,3,2,10,2,135.44776119402985,0.7120661157024794,3.2
47,No,Travel_Rarely,28,3,Female,3,Sales Executive,2845,4,No,19,0,2,5,13,63.375,0.4388560157790927,2.8
40,No,Non-Travel,9,2,Male,2,Manufacturing Director,13757,2,Yes,11,1,5,9,2,290.2916666666667,0.01270274149562222,2.4
52,No,Non-Travel,1,3,Male,3,Manufacturing Director,3482,2,Yes,21,1,3,9,7,55.0,0.17780401416765054,2.2
28,No,Travel_Rarely,8,3,Male,1,Research Scientist,3441,1,No,11,0,3,2,2,91.82089552238806,0.4406697009102731,3.0
42,No,Travel_Frequently,18,4,Female,2,Sales Executive,4523,0,No,16,1,4,6,3,225.0,0.7168701095461659,2.2
36,Yes,Travel_Rarely,14,3,Female,1,Laboratory Technician,6962,5,Yes,13,1,2,1,4,381.8793103448277,0.6856742968079823,2.8
27,No,Travel_Rarely,1,1,Male,2,Manufacturing Director,11275,1,No,12,1,4,9,3,117.44791666666669,0.0,2.6
27,Yes,Travel_Rarely,22,3,Female,1,Research Scientist,2318,4,Yes,11,0,2,1,2,240.39583333333331,0.7991160412514082,2.4
49,No,Travel_Rarely,18,4,Female,1,Laboratory Technician,7122,4,No,18,2,3,15,0,87.92592592592592,0.0,3.6
41,No,Travel_Rarely,10,4,Male,2,Sales Executive,3072,1,Yes,12,1,2,1,2,76.81818181818181,0.4806424344885883,3.6
35,No,Travel_Rarely,6,1,Male,1,Research Scientist,3408,0,Yes,14,0,2,4,2,91.21212121212122,0.4338870431893688,3.2
29,No,Travel_Rarely,26,3,Female,2,Sales Executive,3760,1,No,15,1,5,3,7,464.6538461538461,0.8443837430676269,1.6
33,No,Non-Travel,2,2,Male,2,Sales Executive,3055,1,No,18,0,2,9,7,460.45454545454544,0.8492102665350444,2.4
37,No,Travel_Rarely,1,3,Male,2,Laboratory Technician,8989,1,Yes,15,1,3,3,8,124.7012987012987,0.06384086648614871,3.6
32,No,Travel_Frequently,2,4,Male,2,Manufacturing Director,2323,9,Yes,11,0,3,10,14,123.09433962264151,0.6439301042305334,3.0
44,No,Travel_Rarely,1,2,Female,1,Laboratory Technician,5288,3,No,14,1,2,12,2,76.8169014084507,0.030436376971030438,2.0
31,No,Travel_Frequently,10,3,Female,1,Human Resources,2097,0,No,14,1,2,2,2,47.271186440677965,0.2481176048762997,3.0
46,No,Travel_Rarely,6,1,Male,3,Healthcare Representative,21457,4,No,15,1,3,6,7,510.88095238095235,0.0,2.2
35,No,Travel_Rarely,10,3,Male,2,Sales Executive,2706,1,No,18,1,3,4,3,68.02777777777777,0.4475296039199673,2.4
33,No,Travel_Rarely,8,3,Female,1,Laboratory Technician,2909,4,No,13,0,3,8,0,168.19753086419755,0.7864797416324134,3.4
41,No,Travel_Frequently,2,3,Female,4,Manager,4103,3,Yes,12,1,2,9,7,199.69333333333333,0.7260466047940175,2.0
43,No,Travel_Rarely,23,3,Female,4,Manufacturing Director,2670,4,Yes,12,1,3,1,16,268.16176470588243,0.853578283520702,2.6
28,No,Travel_Rarely,20,2,Male,2,Sales Executive,8463,2,No,14,1,4,5,2,238.48888888888888,0.21142377935147225,3.6
42,Yes,Travel_Rarely,4,3,Male,1,Laboratory Technician,13008,1,No,19,0,2,1,0,190.3809523809524,0.18659329664832414,2.0
37,No,Travel_Rarely,2,3,Female,3,Manufacturing Director,6447,2,No,18,1,2,6,7,445.1818181818182,0.6708699203594037,2.6
29,No,Travel_Rarely,18,4,Male,2,Healthcare Representative,4262,1,Yes,14,2,2,3,2,307.425,0.8267057005773766,3.4
54,No,Travel_Rarely,1,4,Female,2,Healthcare Representative,5485,1,Yes,13,1,4,5,5,240.01190476190484,0.7279400823371857,2.6
42,No,Travel_Rarely,9,3,Male,1,Research Scientist,11411,1,Yes,12,3,2,1,2,215.30188679245282,0.0,2.8
59,No,Travel_Rarely,1,2,Male,2,Manufacturing Director,10512,1,No,15,0,6,9,2,188.68085106382978,0.40730717185385656,2.4
38,No,Travel_Rarely,18,1,Male,3,Healthcare Representative,8984,5,No,11,0,3,9,2,115.3953488372093,0.0947198710197501,2.6
25,No,Travel_Rarely,4,4,Female,2,Healthcare Representative,2187,0,Yes,16,0,3,2,2,538.1,0.864523322802453,3.0
31,No,Travel_Rarely,20,3,Male,2,Manufacturing Director,9096,0,No,15,1,2,13,2,107.01176470588236,0.0,2.4
29,No,Travel_Frequently,26,4,Male,4,Manager,4554,2,No,14,1,3,10,6,84.75757575757575,0.18591347872720773,2.4
34,No,Non-Travel,2,5,Female,2,Human Resources,2029,7,No,16,1,2,5,3,162.7594936708861,0.8421994089282937,2.8
22,No,Non-Travel,2,1,Female,2,Sales Executive,2814,0,Yes,13,3,2,4,2,569.3611111111112,0.8627116163340977,2.2
45,Yes,Travel_Frequently,5,3,Male,1,Sales Representative,8059,1,Yes,14,0,3,2,0,198.18840579710144,0.4106764168190128,2.8
24,No,Travel_Rarely,1,1,Female,2,Laboratory Technician,3202,1,Yes,12,2,4,5,8,290.87272727272733,0.7998499812476559,3.0
38,No,Travel_Rarely,3,3,Male,2,Sales Executive,8237,5,No,17,0,3,7,1,343.5416666666667,0.5004851425106125,3.2
31,No,Travel_Frequently,18,1,Male,1,Laboratory Technician,2610,1,No,13,0,5,2,1,105.52054794520548,0.6611709723484357,2.6
39,Yes,Travel_Rarely,10,3,Female,1,Research Scientist,5902,1,Yes,25,0,2,15,1,64.04166666666667,0.040013012361743656,2.2
38,No,Travel_Rarely,1,2,Female,4,Research Director,6615,9,No,22,1,2,10,4,182.74242424242425,0.4515380150899594,3.2
43,No,Travel_Frequently,2,3,Male,1,Human Resources,8429,1,No,13,1,2,7,4,85.14141414141416,0.0,3.0
49,No,Travel_Rarely,3,5,Male,2,Research Scientist,2302,3,Yes,20,0,0,3,2,207.84375,0.653886633588934,3.0
33,No,Travel_Frequently,16,3,Male,2,Sales Executive,7725,2,No,12,0,2,13,2,181.98888888888888,0.528359484706026,2.6
23,No,Travel_Rarely,20,3,Male,2,Sales Executive,2819,1,No,14,0,3,3,7,143.51111111111112,0.7817435738618768,3.4
37,No,Travel_Frequently,5,3,Male,2,Sales Executive,2996,1,Yes,13,1,2,4,0,78.04651162790698,0.10727056019070323,1.8
24,No,Non-Travel,1,4,Male,3,Manufacturing Director,3162,7,No,17,1,2,5,4,182.24528301886792,0.6726369189357077,2.4
29,No,Travel_Rarely,5,3,Male,2,Sales Executive,2119,1,No,19,1,4,7,2,410.64705882352933,0.8988206083178151,2.6
29,No,Travel_Rarely,13,4,Male,2,Sales Executive,2062,2,No,11,1,2,3,2,126.71232876712328,0.7770810810810811,2.8
42,Yes,Travel_Rarely,24,3,Male,1,Laboratory Technician,5538,3,Yes,22,1,2,0,0,463.25581395348837,0.7219879518072291,3.0
53,No,Travel_Rarely,4,3,Male,1,Laboratory Technician,16031,8,No,12,1,4,3,2,258.56451612903226,0.0,2.4
44,No,Travel_Rarely,1,2,Female,3,Manager,11038,3,Yes,14,1,2,12,4,201.8181818181818,0.17132132132132133,2.6
30,No,Travel_Rarely,2,4,Female,2,Manufacturing Director,4658,0,No,18,1,4,5,2,146.31914893617022,0.3226697687945325,2.6
32,No,Travel_Frequently,26,2,Male,4,Manager,3433,1,Yes,12,2,3,5,12,211.8913043478261,0.8238945316507643,3.6
36,Yes,Non-Travel,4,1,Female,1,Laboratory Technician,4605,1,Yes,15,1,3,9,7,177.3125,0.1884032428621784,3.4
30,No,Travel_Rarely,11,2,Male,2,Sales Executive,18500,1,No,11,1,2,5,2,342.5925925925926,0.0,3.6
33,Yes,Travel_Frequently,14,4,Male,1,Research Scientist,4510,9,Yes,18,3,6,7,4,65.02777777777777,0.036736437419906016,2.2
38,No,Non-Travel,2,4,Female,1,Research Scientist,5329,0,Yes,18,1,2,13,2,242.09375,0.3121208209629534,2.6
30,No,Travel_Rarely,9,4,Female,2,Research Scientist,9667,1,No,19,0,3,7,7,389.54166666666674,0.4829928334581239,2.6
38,No,Travel_Frequently,3,3,Male,1,Sales Representative,3692,1,No,19,1,3,5,0,63.69230769230769,0.2568438003220612,2.8
44,Yes,Travel_Rarely,3,2,Male,2,Sales Executive,2818,9,No,14,0,2,3,2,381.3076923076923,0.8863021989106314,2.2
28,No,Travel_Rarely,10,5,Male,2,Manufacturing Director,2070,2,No,13,3,2,5,7,50.46052631578947,0.4602346805736636,2.6
35,No,Travel_Rarely,4,4,Female,1,Research Scientist,10685,6,No,21,0,2,17,2,281.8723404255319,0.19346316425120771,2.8
27,Yes,Travel_Rarely,10,3,Male,3,Sales Executive,7880,9,No,17,0,3,8,12,391.45454545454544,0.6339990710636322,2.6
35,No,Travel_Frequently,4,1,Male,1,Research Scientist,5182,7,Yes,15,0,2,2,4,95.96296296296295,0.0,3.2
26,No,Travel_Frequently,11,3,Male,1,Research Scientist,2544,1,No,13,1,3,7,1,568.3720930232557,0.8959083469721768,2.6
32,No,Travel_Rarely,1,2,Female,2,Laboratory Technician,10781,1,No,23,0,3,6,8,185.8793103448276,0.0,3.4
30,No,Travel_Rarely,7,3,Female,2,Sales Executive,12241,4,No,11,1,2,5,7,122.41,0.0,2.8
35,No,Travel_Rarely,1,5,Male,4,Research Director,3506,4,No,19,1,3,3,1,237.66315789473686,0.8447160953140225,2.8
26,No,Travel_Frequently,1,3,Female,1,Sales Representative,6397,4,No,14,0,6,6,0,194.4576271186441,0.4424300531683082,1.4
30,No,Travel_Rarely,7,3,Male,3,Manufacturing Director,7140,4,No,11,0,2,7,4,442.8163265306122,0.6709374135865057,2.4
31,No,Travel_Rarely,21,2,Male,2,Manufacturing Director,16439,2,No,16,1,4,5,3,456.63888888888886,0.0,2.8
38,No,Travel_Rarely,22,3,Female,1,Research Scientist,3306,5,No,12,1,5,9,2,252.5212765957447,0.8607237645869318,2.4
40,No,Travel_Rarely,4,2,Male,5,Manager,9946,2,No,14,1,2,8,4,301.3939393939394,0.0,2.8
37,No,Travel_Frequently,7,4,Male,1,Research Scientist,23293,2,No,18,0,3,6,2,358.35384615384623,0.0,3.0
50,No,Travel_Rarely,1,3,Male,1,Research Scientist,11757,1,No,13,0,2,8,0,231.7710843373494,0.38883401777823984,3.2
35,No,Travel_Rarely,15,3,Male,2,Sales Executive,23683,3,No,18,1,3,3,2,503.8936170212766,0.0,3.2
31,Yes,Travel_Frequently,17,2,Male,1,Laboratory Technician,3372,1,No,13,1,4,10,0,57.907216494845365,0.3996795442406979,2.2
52,Yes,Travel_Rarely,7,2,Female,2,Laboratory Technician,3212,1,No,18,1,3,2,4,289.17721518987344,0.8594003064127818,2.8
43,No,Travel_Rarely,4,4,Male,1,Laboratory Technician,7898,8,No,11,0,2,10,4,99.90243902439023,0.035888671875,2.4
42,No,Travel_Frequently,5,4,Male,3,Healthcare Representative,22792,4,No,12,2,4,0,2,542.6666666666666,0.0,2.4
42,Yes,Non-Travel,2,4,Male,1,Laboratory Technician,2936,1,No,12,0,1,6,0,261.6,0.8818606148398519,2.6
46,Yes,Travel_Rarely,29,2,Female,1,Laboratory Technician,11652,0,No,11,0,2,19,4,186.2676056338028,0.1189413988657845,2.6
52,No,Travel_Rarely,29,3,Male,1,Research Scientist,9752,5,No,13,0,4,8,5,125.8433734939759,0.06634753470560077,2.8
38,No,Travel_Rarely,1,3,Male,1,Human Resources,11510,0,No,21,1,2,11,3,335.39130434782606,0.25395385014259786,2.8
49,No,Travel_Rarely,3,4,Female,3,Research Director,3580,1,No,18,0,2,4,2,231.46236559139786,0.8336894917773855,2.6
33,No,Travel_Rarely,8,3,Female,3,Research Director,2622,9,No,14,1,3,3,7,322.77777777777777,0.8710597492008851,2.0
35,No,Travel_Frequently,1,4,Female,2,Healthcare Representative,3755,2,Yes,13,1,3,8,3,533.0,0.7798428705440901,3.0
45,No,Non-Travel,2,3,Male,4,Research Director,3633,4,No,12,0,2,9,8,506.76923076923083,0.8161809350333941,2.8
34,No,Travel_Frequently,1,5,Male,2,Sales Executive,6074,7,No,12,1,3,9,0,117.49367088607596,0.3456151691445809,2.4
42,No,Travel_Rarely,6,4,Female,2,Research Scientist,19368,1,No,13,0,6,4,11,236.19512195121948,0.0,2.4
35,No,Travel_Rarely,2,1,Female,2,Healthcare Representative,4788,1,No,19,1,2,3,4,281.41379310344826,0.8044357309153292,3.2
55,No,Travel_Rarely,2,2,Male,1,Laboratory Technician,16620,5,No,11,0,2,7,0,218.68421052631575,0.0,3.0
38,No,Travel_Rarely,5,5,Male,2,Laboratory Technician,3210,1,Yes,14,0,4,15,7,468.94,0.863095491960592,1.8
47,No,Travel_Rarely,5,3,Female,4,Manager,3294,1,Yes,11,1,3,3,9,209.3809523809524,0.8127132135546964,2.6
28,Yes,Non-Travel,5,2,Male,1,Research Scientist,8722,3,Yes,14,0,2,10,1,325.9148936170213,0.4306045175610393,2.4
24,Yes,Non-Travel,22,2,Male,2,Sales Executive,2042,2,Yes,12,2,2,3,4,89.85294117647058,0.6657937806873977,2.4
32,No,Travel_Rarely,3,3,Male,2,Research Scientist,3038,1,No,12,1,2,5,8,292.90909090909093,0.8428512311193875,3.0
49,Yes,Travel_Rarely,1,5,Male,3,Manufacturing Director,8931,1,No,11,0,2,1,8,187.11,0.522687189353856,2.6
48,No,Travel_Rarely,1,1,Female,1,Research Scientist,25265,1,No,13,2,3,8,3,382.8030303030303,0.0,2.4
32,No,Travel_Rarely,10,4,Male,2,Sales Executive,26075,8,No,13,0,3,9,0,330.0632911392405,0.0,3.6
24,No,Non-Travel,16,3,Male,1,Research Scientist,2122,1,No,14,0,3,3,3,43.3061224489796,0.0,2.8
43,No,Travel_Frequently,24,1,Female,2,Research Scientist,5340,7,No,13,0,1,8,7,208.0769230769231,0.5064695009242144,2.4
30,No,Travel_Rarely,1,3,Female,1,Research Scientist,5598,1,No,15,3,3,3,2,158.7835051546392,0.6365407089988313,2.4
33,Yes,Travel_Rarely,3,2,Male,2,Sales Executive,3600,4,Yes,18,0,2,11,0,433.60975609756105,0.7975025312183598,2.6
60,Yes,Travel_Rarely,10,3,Male,3,Manufacturing Director,5220,6,No,11,2,3,11,0,370.0491803278688,0.7687502768794577,2.4
34,No,Travel_Rarely,4,3,Female,3,Manufacturing Director,11631,1,No,11,0,6,11,9,346.4074074074074,0.37822089169250506,3.4
28,No,Travel_Frequently,4,2,Male,1,Laboratory Technician,2596,7,No,19,1,2,1,0,300.8735632183908,0.9008251833740832,3.2
31,No,Travel_Rarely,3,3,Male,2,Sales Executive,2218,2,No,11,1,2,4,4,214.50877192982452,0.8185981843461192,2.6
29,No,Travel_Rarely,1,4,Male,2,Healthcare Representative,6623,0,No,13,0,2,1,7,587.3636363636364,0.6583088273229118,3.0
51,No,Travel_Rarely,3,2,Female,2,Laboratory Technician,13142,4,No,25,1,1,5,2,536.5116279069767,0.43034243606415257,2.0
37,No,Travel_Rarely,26,1,Male,1,Research Scientist,2073,1,No,20,3,3,3,4,172.7282608695652,0.8695488012082311,2.4
39,No,Travel_Rarely,3,3,Male,3,Sales Executive,14506,2,No,12,0,2,1,3,166.73563218390802,0.0,2.8
40,No,Travel_Rarely,2,4,Male,4,Manager,10322,1,No,19,0,6,18,10,180.63636363636363,0.3506542526421741,2.8
32,No,Travel_Frequently,21,3,Female,1,Laboratory Technician,8998,1,No,18,3,2,9,11,172.62025316455697,0.34017745838527536,3.0
28,No,Travel_Rarely,5,3,Male,2,Healthcare Representative,4779,3,No,12,0,2,8,2,182.70588235294116,0.6922730199613651,2.0
43,No,Travel_Rarely,2,3,Male,1,Human Resources,5033,0,No,13,0,3,14,7,181.47422680412367,0.714082826790888,2.8
24,No,Travel_Rarely,8,4,Male,1,Human Resources,2127,1,No,17,0,2,1,4,71.08,0.7007597073719752,2.4
30,Yes,Travel_Frequently,2,1,Female,5,Manager,2083,1,No,15,1,2,1,14,453.43859649122805,0.919407258376538,2.6
51,No,Travel_Rarely,26,3,Male,4,Sales Executive,14864,5,No,14,1,2,10,4,193.03896103896102,0.0,3.2
26,No,Travel_Frequently,2,4,Female,2,Sales Executive,2741,4,No,22,2,2,7,7,293.5074626865672,0.8606153063818968,3.0
34,No,Travel_Rarely,1,4,Male,2,Sales Executive,12930,4,No,22,0,3,4,3,219.15254237288138,0.0,2.8
28,No,Travel_Rarely,3,2,Male,1,Research Scientist,3464,1,Yes,13,1,4,3,2,83.22916666666667,0.13291614518147685,3.0
36,No,Travel_Rarely,1,3,Female,2,Sales Executive,4663,1,No,16,0,2,3,4,83.725,0.3038220364287847,2.8
47,No,Non-Travel,3,4,Female,1,Research Scientist,2997,3,No,16,1,3,13,2,271.75,0.7493518441080539,2.6
44,Yes,Travel_Rarely,6,3,Male,1,Laboratory Technician,4303,7,Yes,21,0,3,10,2,82.04285714285714,0.25074003134250394,2.6
42,No,Travel_Rarely,10,3,Female,2,Sales Executive,2372,1,No,12,0,2,1,7,394.6,0.8907063539602819,3.4
32,No,Travel_Rarely,18,4,Male,2,Manufacturing Director,10400,1,Yes,15,2,2,14,7,258.6195652173913,0.562896650275291,3.0
26,No,Travel_Frequently,6,4,Male,2,Sales Executive,4294,4,No,22,2,2,7,7,94.22727272727272,0.309535295063515,3.4
33,No,Travel_Rarely,1,1,Female,3,Manufacturing Director,4878,1,No,22,0,2,9,8,237.7840909090909,0.7668817204301075,2.8
30,No,Travel_Rarely,16,3,Male,1,Laboratory Technician,6347,0,No,13,1,2,11,4,196.17857142857144,0.6148431336852964,2.6
30,Yes,Travel_Rarely,5,2,Female,1,Research Scientist,4779,1,Yes,14,1,3,3,7,237.47727272727272,0.7713178294573644,2.4
29,No,Travel_Rarely,10,4,Male,2,Laboratory Technician,2272,1,No,11,1,2,5,7,75.9390243902439,0.6351373052834429,2.8
54,No,Travel_Frequently,2,3,Female,4,Manager,10502,2,Yes,13,0,2,5,4,239.77319587628867,0.5484564450941611,3.2
27,No,Non-Travel,5,4,Male,2,Manufacturing Director,2566,8,No,24,0,2,1,0,181.03571428571428,0.7468928782797396,3.0
32,No,Travel_Rarely,6,3,Male,2,Laboratory Technician,6220,2,No,17,0,3,10,2,126.96511627906976,0.43035076472204414,3.6
28,No,Non-Travel,21,2,Male,1,Sales Representative,2144,5,No,15,1,3,5,4,393.0,0.8989727641127132,3.0
26,No,Travel_Rarely,1,4,Male,1,Research Scientist,3339,3,Yes,11,0,2,5,2,39.55,0.15575221238938053,2.2
47,No,Travel_Rarely,2,4,Female,1,Research Scientist,2725,2,No,14,0,2,20,2,330.17307692307685,0.8412837090104258,3.0
49,No,Travel_Rarely,10,3,Male,3,Research Director,3376,3,No,12,1,3,8,16,105.71717171717172,0.6774316835467227,2.0
36,No,Travel_Rarely,11,4,Female,2,Laboratory Technician,6815,8,No,20,1,5,1,2,266.109756097561,0.6876861738692086,3.0
31,No,Travel_Rarely,10,3,Male,3,Manufacturing Director,2739,9,No,14,0,1,2,7,47.921875,0.10694489729377242,2.4
26,No,Travel_Rarely,24,3,Male,3,Manufacturing Director,6950,1,Yes,21,1,2,4,9,124.10714285714286,0.0,2.8
50,No,Travel_Rarely,10,3,Male,2,Sales Executive,11591,7,No,12,1,2,9,1,202.92857142857144,0.3200164261410301,2.4
32,No,Travel_Rarely,8,2,Male,2,Sales Executive,24624,1,Yes,11,0,2,1,12,378.83076923076925,0.0,2.8
33,No,Non-Travel,25,3,Male,2,Sales Executive,4905,1,No,12,1,2,10,7,212.7317073170732,0.7188144920889704,2.2
22,Yes,Travel_Rarely,18,1,Male,1,Research Scientist,14961,1,Yes,13,0,2,4,3,173.96511627906978,0.0,2.8
36,No,Travel_Rarely,19,4,Male,1,Laboratory Technician,12449,1,No,12,3,2,10,5,159.60256410256412,0.0,2.6
31,No,Travel_Rarely,23,4,Male,4,Research Director,2356,6,No,18,0,2,6,9,280.6388888888889,0.8834009700089083,3.4
36,No,Travel_Rarely,7,4,Female,1,Sales Representative,3419,3,No,15,0,3,1,7,286.2682926829268,0.7086989861122944,2.6
39,Yes,Travel_Rarely,1,4,Female,2,Sales Executive,2232,3,Yes,14,0,1,3,0,212.9753086419753,0.8706161961625413,3.4
54,No,Travel_Rarely,5,2,Female,2,Laboratory Technician,11912,1,No,14,1,5,5,10,237.70175438596488,0.12082072477673628,3.0
56,No,Travel_Rarely,8,3,Female,3,Healthcare Representative,4257,1,No,13,3,3,2,14,139.01694915254237,0.4809802487198244,2.8
50,No,Travel_Rarely,4,3,Male,1,Research Scientist,6725,1,No,19,0,2,8,1,234.31578947368425,0.6223607367475292,2.8
32,No,Travel_Rarely,28,3,Female,2,Laboratory Technician,9980,1,No,17,2,1,10,9,551.0434782608696,0.6062805744042923,3.0
54,No,Travel_Rarely,1,3,Male,3,Healthcare Representative,3142,2,Yes,13,1,2,10,9,444.475,0.8232746498678216,2.2
26,No,Travel_Rarely,2,1,Female,1,Laboratory Technician,2966,1,Yes,11,3,2,4,0,297.2203389830508,0.8308622262773723,3.0
43,Yes,Travel_Rarely,22,3,Male,1,Human Resources,3539,1,No,12,0,2,9,0,337.1551724137931,0.8190232677064689,1.8
36,No,Travel_Rarely,1,2,Male,2,Manufacturing Director,4051,9,Yes,13,1,2,3,3,94.2093023255814,0.0,3.4
20,Yes,Travel_Frequently,15,3,Female,2,Laboratory Technician,2926,7,No,14,1,5,1,0,97.01234567901234,0.6276406210231611,2.2
38,No,Travel_Frequently,11,5,Female,2,Sales Executive,2440,4,No,16,1,3,4,0,228.40449438202248,0.8799685163321527,2.6
29,No,Travel_Frequently,6,4,Female,2,Research Scientist,7918,6,No,15,1,5,11,0,333.3333333333333,0.4721333333333334,2.6
37,Yes,Travel_Rarely,1,3,Male,1,Sales Representative,5993,1,Yes,11,0,2,7,2,154.05555555555554,0.2796009135713427,2.8
31,No,Travel_Rarely,7,4,Male,2,Sales Executive,11557,1,Yes,11,0,3,5,8,247.01818181818183,0.1493449138819373,3.4
48,No,Travel_Rarely,2,2,Male,2,Healthcare Representative,5381,1,No,24,1,2,1,7,261.3421052631579,0.4581613130601148,3.2
35,No,Travel_Rarely,11,2,Female,4,Manufacturing Director,10388,3,No,16,0,3,16,2,298.0365853658537,0.5749416915585744,2.4
32,No,Travel_Frequently,21,3,Female,1,Research Scientist,2432,1,No,11,1,2,4,2,158.85714285714286,0.6354916067146283,2.8
27,No,Travel_Rarely,1,4,Female,3,Sales Executive,4227,1,No,19,2,2,3,10,500.66666666666674,0.8241095206391478,3.2
24,No,Travel_Frequently,10,3,Female,1,Research Scientist,4286,2,No,16,1,4,1,2,285.02222222222224,0.6658350226103228,3.6
29,No,Travel_Rarely,9,3,Female,1,Research Scientist,2532,2,No,19,1,5,4,4,192.9206349206349,0.7916735231199605,2.4
40,Yes,Travel_Rarely,5,3,Female,1,Laboratory Technician,5677,0,No,17,0,4,11,2,428.75,0.7793197278911564,2.2
30,No,Travel_Rarely,2,3,Male,5,Manager,3579,5,No,11,0,2,11,6,309.14285714285717,0.7932647874306841,2.0
32,No,Travel_Rarely,7,3,Female,1,Research Scientist,2370,4,No,14,3,4,8,4,141.29729729729732,0.5466717674062739,4.0
46,No,Travel_Rarely,2,4,Female,2,Healthcare Representative,4761,2,No,11,1,3,1,0,85.86885245901641,0.09106529209621993,2.6
51,No,Travel_Rarely,16,4,Male,2,Sales Executive,5441,8,No,14,0,2,10,2,141.95238095238096,0.5436933914793693,2.4
35,No,Travel_Rarely,6,4,Male,2,Sales Executive,4323,1,No,16,0,2,5,8,279.32183908045977,0.8221060861692935,2.4
34,Yes,Non-Travel,7,3,Male,1,Laboratory Technician,2979,3,Yes,14,0,2,0,2,45.73972602739726,0.1078167115902965,1.6
38,No,Travel_Rarely,3,1,Female,2,Sales Executive,7756,3,Yes,12,0,6,5,2,219.9333333333333,0.5297969081539861,3.0
55,No,Travel_Frequently,2,3,Male,2,Research Scientist,6385,0,No,13,2,3,8,5,567.0666666666667,0.7497844658672309,2.8
29,No,Travel_Rarely,29,3,Male,2,Manufacturing Director,4185,3,No,18,1,2,4,7,77.5,0.0,2.6
32,Yes,Non-Travel,24,2,Male,3,Healthcare Representative,4465,1,No,12,0,2,3,7,171.59722222222226,0.6386078510724403,1.6
38,No,Travel_Frequently,2,1,Male,1,Sales Representative,9518,3,No,13,1,2,2,0,164.6612903225806,0.06768537564893723,2.6
42,No,Travel_Frequently,1,4,Male,1,Laboratory Technician,4060,8,No,19,2,2,1,0,165.75903614457832,0.7048989678732374,2.6
39,No,Non-Travel,20,1,Female,1,Laboratory Technician,3646,1,No,13,0,2,1,8,175.075,0.4793659860059975,3.4
39,No,Travel_Rarely,9,3,Female,2,Laboratory Technician,8770,9,No,15,0,4,19,4,244.61428571428573,0.4878233954330433,2.6
54,No,Travel_Rarely,10,3,Female,1,Sales Representative,3780,1,No,12,0,3,1,0,140.92753623188406,0.6112710818593171,2.6
45,No,Travel_Rarely,9,3,Female,1,Research Scientist,4477,4,Yes,20,1,2,3,0,158.30666666666667,0.6229259664785648,2.0
35,No,Travel_Rarely,2,2,Male,3,Manufacturing Director,4717,3,No,14,1,2,11,8,243.7682926829268,0.7640202111161138,3.2
50,No,Non-Travel,9,2,Female,1,Research Scientist,7172,1,No,25,0,2,8,1,216.90740740740745,0.3876888926833433,2.6
38,No,Travel_Rarely,25,2,Male,2,Laboratory Technician,14004,4,No,14,0,6,0,2,259.3333333333333,0.0,2.8
35,No,Travel_Frequently,15,2,Male,1,Research Scientist,2194,1,No,14,0,2,3,0,200.84375,0.886209221513407,3.4
30,No,Travel_Rarely,19,3,Female,1,Research Scientist,20338,1,No,12,0,2,9,9,581.0857142857143,0.0,2.6
36,No,Travel_Rarely,1,2,Male,1,Laboratory Technician,2519,1,No,11,1,6,11,2,218.0609756097561,0.859124210055366,2.8
36,No,Travel_Rarely,1,4,Male,5,Manager,4440,3,No,11,1,2,15,0,354.6764705882353,0.8159051330956132,3.2
36,No,Travel_Frequently,1,3,Female,3,Manufacturing Director,9738,4,No,17,0,6,9,5,404.2033898305085,0.5916638711841664,3.4
30,No,Non-Travel,1,3,Male,1,Research Scientist,8834,6,Yes,12,0,2,9,3,319.57142857142856,0.3418268514379377,3.0
28,Yes,Travel_Rarely,25,4,Male,1,Laboratory Technician,2044,1,Yes,24,0,2,5,0,207.08045977011489,0.8865452930728241,2.4
26,No,Travel_Rarely,4,2,Male,2,Sales Executive,2875,1,Yes,11,0,2,8,4,122.12121212121212,0.7622001654259719,2.6
55,No,Travel_Rarely,24,1,Female,1,Laboratory Technician,13335,1,No,22,1,2,5,0,248.64179104477608,0.19953178462092566,3.0
55,No,Travel_Frequently,14,4,Male,2,Research Scientist,2125,8,No,18,1,3,9,7,41.484375,0.19962335216572505,3.0
40,No,Non-Travel,5,4,Male,2,Sales Executive,20445,4,Yes,21,0,2,10,6,208.62244897959184,0.0,2.8
26,No,Travel_Frequently,2,3,Male,2,Sales Executive,3102,0,Yes,12,0,2,6,2,70.22093023255815,0.4863387978142077,2.8
28,No,Travel_Rarely,7,4,Male,2,Manufacturing Director,4724,2,No,14,0,0,5,0,534.8,0.7055597107953129,3.2
49,No,Travel_Rarely,3,1,Male,2,Sales Executive,2267,1,Yes,18,0,2,2,3,146.5612244897959,0.8421638933370466,2.8
34,No,Non-Travel,2,2,Male,1,Laboratory Technician,2307,4,No,17,1,2,5,3,258.6363636363636,0.909900410076157,2.6
42,No,Travel_Rarely,29,4,Male,2,Sales Executive,13402,1,No,14,2,2,1,7,155.14285714285714,0.050715398781697126,2.2
33,No,Travel_Rarely,6,4,Male,2,Sales Executive,6388,4,No,14,1,6,0,4,232.9081632653061,0.72013143483023,3.2
32,No,Travel_Rarely,1,3,Male,1,Laboratory Technician,3974,6,No,20,0,3,2,0,56.771428571428565,0.0,2.6
52,No,Travel_Rarely,8,4,Female,1,Sales Representative,3149,7,No,15,1,3,5,2,184.8703703703704,0.6845637583892618,3.2
45,No,Travel_Rarely,10,3,Male,3,Healthcare Representative,2755,6,No,15,0,3,10,3,36.97,0.2548011901541791,3.4
35,No,Travel_Rarely,7,2,Male,2,Healthcare Representative,7632,1,No,20,3,2,8,7,502.1944444444445,0.5778527573427734,3.2
39,Yes,Travel_Rarely,12,4,Male,1,Sales Representative,3902,1,No,18,1,2,2,0,195.54054054054055,0.7303386316516931,2.4
37,No,Travel_Rarely,4,2,Male,2,Sales Executive,4213,1,Yes,17,0,4,10,0,103.26506024096386,0.5084587562711469,3.4
46,No,Non-Travel,4,2,Female,2,Manufacturing Director,5258,7,No,13,3,2,1,2,94.76288659793816,0.4279808529155788,2.8
50,No,Travel_Frequently,8,4,Male,1,Laboratory Technician,4728,9,No,13,0,4,0,4,321.537037037037,0.7276968265852676,2.2
31,No,Travel_Rarely,3,2,Male,2,Healthcare Representative,7547,6,No,20,1,3,5,4,333.01265822784814,0.713129086209518,2.6
31,No,Travel_Frequently,2,4,Female,1,Research Scientist,7446,0,No,16,0,2,10,7,338.8076923076923,0.7182427063230786,2.8
39,No,Travel_Rarely,3,3,Male,1,Research Scientist,5151,1,No,20,1,3,10,0,319.05633802816897,0.7726128989537809,3.0
24,No,Travel_Rarely,22,4,Male,3,Sales Executive,2774,0,No,11,0,2,5,8,41.88405797101449,0.04013840830449827,2.6
53,No,Travel_Rarely,2,1,Male,2,Healthcare Representative,13888,5,No,20,3,2,9,11,186.4943820224719,0.16327268345583806,2.8
29,Yes,Travel_Rarely,9,4,Male,1,Human Resources,3072,1,No,15,0,3,10,2,165.76923076923075,0.6436194895591647,2.8
27,No,Travel_Rarely,27,3,Male,2,Healthcare Representative,25549,4,No,12,1,3,9,7,387.1060606060606,0.0,2.2
32,No,Travel_Rarely,8,5,Male,2,Manufacturing Director,2176,3,No,14,1,5,6,0,130.84375,0.480296154764748,2.4
33,No,Travel_Frequently,11,2,Female,4,Manager,4302,3,No,13,1,2,3,3,60.04444444444446,0.20392301998519616,3.4
34,No,Travel_Rarely,5,1,Female,2,Sales Executive,2929,6,No,13,0,3,10,4,316.27868852459017,0.8481832789094491,2.8
35,No,Travel_Rarely,23,1,Female,2,Sales Representative,2559,1,No,21,1,3,6,8,194.94444444444446,0.6353662011969222,2.8
35,No,Travel_Rarely,4,2,Male,1,Research Scientist,9973,1,Yes,20,0,2,4,5,188.1698113207547,0.0,2.8
38,No,Travel_Rarely,11,4,Male,1,Research Scientist,6861,3,Yes,19,1,1,1,4,309.8125,0.5386322372402663,3.2
34,No,Travel_Rarely,29,3,Female,2,Laboratory Technician,6500,4,No,19,0,1,3,0,170.67857142857142,0.3199414103368905,2.2
46,No,Travel_Rarely,1,3,Female,5,Research Director,9755,3,Yes,19,0,2,7,3,233.53424657534248,0.4277921163772877,1.8
34,No,Travel_Frequently,5,3,Male,3,Sales Executive,8053,2,No,12,1,3,14,9,414.8048780487805,0.5264890927265243,3.0
45,No,Travel_Rarely,10,2,Female,2,Sales Executive,2220,7,No,14,0,2,1,3,239.82142857142856,0.8346984363365599,3.6
27,No,Travel_Rarely,10,1,Female,1,Research Scientist,19630,1,No,18,0,5,6,2,248.48101265822785,0.0,3.0
52,No,Travel_Rarely,7,3,Male,3,Research Director,5577,0,No,11,0,3,10,9,530.5102040816327,0.7854587420657819,3.4
38,No,Travel_Rarely,23,3,Male,1,Research Scientist,3057,1,Yes,11,2,0,1,5,243.03370786516854,0.8586685159500693,3.0
41,No,Travel_Rarely,5,2,Male,1,Research Scientist,4240,0,Yes,12,2,0,2,2,188.1625,0.7183285723775992,2.6
34,No,Travel_Frequently,7,2,Male,1,Sales Representative,4944,0,Yes,25,1,3,15,10,104.49090909090908,0.13972507395162695,2.6
35,Yes,Travel_Rarely,1,1,Female,1,Sales Representative,8606,1,Yes,16,0,3,11,3,354.3870967741936,0.6083196795922082,2.2
37,No,Travel_Rarely,2,4,Female,2,Manufacturing Director,4777,9,No,14,0,2,1,0,82.48863636363636,0.34192037470725994,3.0
32,No,Travel_Rarely,2,3,Male,4,Manager,4194,2,No,22,1,3,5,2,316.3333333333333,0.5580611169652265,2.8
28,Yes,Travel_Rarely,3,3,Male,1,Research Scientist,2367,5,Yes,11,0,2,4,2,97.22727272727272,0.7233520336605891,2.8
41,No,Travel_Rarely,7,3,Male,1,Laboratory Technician,26062,1,No,20,0,3,10,1,260.62,0.0,2.4
25,No,Travel_Rarely,1,3,Male,2,Laboratory Technician,3977,0,No,12,1,2,5,7,180.76666666666668,0.6333210400147521,3.0
33,No,Travel_Rarely,23,2,Female,2,Research Scientist,2187,1,No,12,0,5,5,9,400.2972972972973,0.8523394774154345,3.2
38,No,Travel_Rarely,22,5,Male,4,Manager,5377,3,No,25,1,3,7,8,205.32967032967036,0.7122290607439122,2.8
33,Yes,Travel_Frequently,1,4,Female,1,Sales Representative,5376,1,No,12,0,3,5,0,323.08,0.6672031694936239,2.2
35,No,Travel_Rarely,16,3,Male,3,Healthcare Representative,2705,4,Yes,12,0,2,5,7,198.54166666666663,0.8107729975515915,3.2
39,No,Travel_Rarely,25,2,Male,3,Healthcare Representative,3449,3,No,21,1,3,17,4,93.60563380281691,0.4810412278061992,2.8
44,No,Travel_Rarely,28,2,Male,4,Manufacturing Director,9731,2,Yes,11,1,2,2,3,164.9322033898305,0.0,3.0
32,Yes,Travel_Rarely,3,1,Male,3,Sales Executive,5518,1,Yes,11,1,5,5,7,108.19607843137257,0.0,2.6
47,No,Travel_Frequently,2,3,Male,1,Research Scientist,5067,1,No,14,0,2,19,0,64.76842105263158,0.1764992686494393,2.8
31,No,Travel_Rarely,11,3,Female,3,Research Director,4306,1,Yes,14,3,5,13,8,213.95744680851064,0.5717979315831344,3.0
30,No,Travel_Frequently,4,4,Male,3,Sales Executive,2794,7,No,11,1,3,5,11,127.64179104477614,0.6732927970065482,2.4
44,No,Travel_Frequently,2,4,Male,1,Research Scientist,3161,1,No,11,0,0,1,5,87.55813953488372,0.5802124833997344,2.4
49,No,Travel_Rarely,17,3,Male,3,Manufacturing Director,8564,8,No,11,1,2,0,7,248.98214285714286,0.38578498171125297,3.0
39,Yes,Travel_Frequently,8,4,Male,3,Manufacturing Director,4127,2,No,15,0,2,2,2,474.5283018867925,0.8359045725646124,2.6
50,No,Travel_Rarely,24,4,Male,2,Laboratory Technician,2683,1,No,15,2,2,3,8,264.325,0.8731202118603991,3.0
35,No,Travel_Frequently,25,4,Female,1,Laboratory Technician,4614,1,No,14,1,0,4,6,263.1190476190476,0.7912406117093476,2.6
34,No,Travel_Rarely,6,4,Female,1,Laboratory Technician,2311,1,No,14,1,3,3,7,114.41666666666669,0.6633648943918427,2.6
40,No,Travel_Rarely,2,4,Female,2,Research Scientist,19573,4,Yes,22,1,2,4,0,268.1232876712329,0.0,3.2
23,No,Travel_Rarely,9,2,Male,2,Sales Executive,2406,1,No,14,2,3,1,2,191.30434782608697,0.7265909090909091,2.0
30,No,Travel_Rarely,1,2,Male,1,Laboratory Technician,4025,1,No,16,2,2,4,3,188.83050847457628,0.6387218382550938,1.6
34,No,Travel_Rarely,5,2,Male,1,Research Scientist,4325,1,No,15,0,2,5,0,184.83561643835617,0.6794634254798785,3.2
28,No,Travel_Rarely,20,4,Male,1,Research Scientist,3196,4,No,17,2,2,6,0,108.68627450980392,0.4234169222442721,2.6
28,No,Non-Travel,1,3,Male,2,Healthcare Representative,6146,8,Yes,12,0,2,7,2,329.42857142857144,0.7334778837814397,3.8
54,Yes,Travel_Rarely,22,1,Female,1,Human Resources,10739,1,No,11,1,2,10,0,199.74137931034485,0.07302546396201985,2.8
30,No,Non-Travel,7,5,Male,2,Sales Executive,2097,4,No,12,1,3,5,3,240.64948453608247,0.9101657884590668,3.2
30,Yes,Travel_Frequently,12,1,Female,1,Laboratory Technician,6696,1,Yes,11,0,5,6,1,290.5696202531645,0.7082988455674145,3.2
40,Yes,Travel_Frequently,2,3,Female,1,Laboratory Technician,6323,2,Yes,23,0,2,10,0,318.1666666666667,0.6319771840987137,2.0
31,No,Travel_Rarely,8,4,Male,2,Healthcare Representative,2227,4,Yes,14,0,2,5,2,112.7837837837838,0.7331655883057753,3.2
48,No,Travel_Rarely,13,4,Female,2,Healthcare Representative,4051,6,No,14,0,2,9,7,285.20588235294116,0.5822419304939672,3.0
31,No,Travel_Rarely,1,4,Male,4,Manager,2695,1,No,15,0,2,2,0,56.35714285714285,0.14607097591888465,2.4
35,No,Travel_Rarely,2,2,Male,2,Sales Executive,26997,0,No,14,0,2,10,7,303.3370786516854,0.0,2.4
32,No,Travel_Rarely,1,3,Male,2,Manufacturing Director,5470,1,No,13,1,4,9,8,177.875,0.4508583475554663,2.8
49,No,Non-Travel,28,1,Male,1,Laboratory Technician,3297,1,Yes,11,3,0,7,8,91.94594594594595,0.5154320987654321,3.4
32,No,Travel_Rarely,13,2,Female,2,Manufacturing Director,3936,1,No,11,2,2,8,2,460.5263157894737,0.8500571428571428,3.0
36,Yes,Travel_Rarely,2,1,Male,1,Laboratory Technician,10325,9,Yes,14,1,2,16,0,234.80701754385964,0.2285564853556485,3.2
44,No,Non-Travel,7,4,Male,3,Healthcare Representative,3708,7,No,19,0,5,5,6,176.1149425287356,0.757995039812035,2.8
31,No,Travel_Rarely,11,4,Male,2,Sales Executive,5460,4,No,13,1,4,7,3,143.69,0.6200153107383951,2.2
38,No,Travel_Rarely,17,3,Female,4,Manager,4028,1,No,11,0,2,7,8,539.1842105263158,0.8034067060373861,3.4
31,No,Travel_Rarely,1,3,Male,3,Sales Executive,2956,1,Yes,14,0,4,1,9,192.0,0.7594401041666666,3.2
29,No,Travel_Frequently,8,4,Male,2,Manufacturing Director,2439,1,No,23,0,3,1,7,339.0491803278688,0.8820713664055699,3.4
28,Yes,Travel_Rarely,17,3,Male,1,Laboratory Technician,18779,5,No,12,1,2,0,1,586.84375,0.0,2.4
37,No,Travel_Frequently,8,4,Male,1,Research Scientist,2326,6,No,19,1,3,4,8,67.51111111111109,0.6171823568136933,2.8
35,No,Travel_Rarely,9,4,Female,1,Laboratory Technician,2506,4,No,12,0,0,2,2,84.546875,0.536869340232859,2.8
29,No,Travel_Rarely,10,2,Male,1,Research Scientist,15232,3,No,17,0,3,2,0,190.4,0.0,3.2
42,No,Non-Travel,9,2,Female,5,Manager,5265,8,No,22,0,5,5,0,283.4623655913978,0.8002807070783704,3.4
30,No,Travel_Rarely,5,1,Male,1,Research Scientist,9714,1,No,18,0,4,10,2,268.1340206185567,0.6265138990349495,3.2
24,No,Travel_Rarely,18,3,Male,1,Research Scientist,2296,1,No,14,0,3,1,4,318.8,0.9039732329569218,2.4
42,No,Travel_Rarely,1,4,Male,1,Laboratory Technician,2058,3,No,14,2,1,6,3,120.93406593406591,0.8129940935938209,3.6
36,No,Travel_Rarely,7,3,Male,3,Research Scientist,4485,2,No,17,1,2,8,0,318.4237288135593,0.7612710917123543,2.4
30,No,Travel_Rarely,2,4,Male,2,Sales Executive,21602,7,No,13,0,2,8,2,400.03703703703695,0.0,3.0
49,No,Travel_Rarely,3,3,Male,4,Research Director,6384,3,No,14,0,2,7,9,276.16470588235296,0.7280395331004516,3.0
43,No,Travel_Rarely,1,4,Male,3,Healthcare Representative,20933,1,No,12,3,3,1,8,317.1666666666667,0.0,2.0
37,Yes,Travel_Rarely,2,3,Male,5,Manager,2493,2,Yes,16,0,2,10,10,45.585106382978715,0.4182030338389732,1.6
27,No,Travel_Frequently,10,3,Female,1,Research Scientist,2863,6,No,13,1,2,1,2,310.0,0.8350806451612903,2.0
39,No,Travel_Rarely,2,1,Female,1,Research Scientist,8376,1,Yes,13,0,3,2,3,538.0625,0.5135323498664188,2.8
36,No,Travel_Rarely,7,2,Male,1,Laboratory Technician,5507,1,No,18,1,1,4,0,122.42857142857143,0.2860106314015299,3.0
32,No,Travel_Frequently,1,4,Male,4,Manager,5332,2,No,22,0,3,5,4,461.54285714285714,0.6699269530766374,2.8
50,No,Travel_Rarely,15,3,Male,3,Manufacturing Director,25800,1,No,13,2,1,5,15,322.5,0.0,2.6
37,No,Travel_Rarely,8,3,Female,2,Sales Executive,4107,5,No,21,1,3,10,4,497.0555555555555,0.8469878171454118,2.8
29,No,Travel_Rarely,21,4,Female,2,Sales Executive,3987,6,No,19,1,5,6,2,173.78125,0.28304261823413057,2.2
32,No,Travel_Rarely,20,3,Female,1,Research Scientist,5175,1,No,13,0,2,5,2,431.79591836734687,0.7554116646185841,2.8
45,No,Travel_Rarely,19,3,Female,3,Sales Executive,3840,3,No,13,1,2,5,3,48.0,0.0,2.4
46,Yes,Travel_Rarely,7,3,Female,1,Laboratory Technician,8926,1,Yes,16,1,2,9,3,257.6,0.3699887069452287,2.8
38,No,Travel_Rarely,1,2,Male,4,Healthcare Representative,6553,7,Yes,12,0,3,1,1,197.88888888888889,0.6320606400898372,3.0
26,Yes,Travel_Rarely,20,3,Male,3,Healthcare Representative,2305,3,No,12,0,3,3,0,347.09090909090907,0.8993801292125022,2.2
37,No,Travel_Rarely,3,4,Male,5,Manager,9358,4,Yes,12,1,2,1,2,267.37142857142857,0.0,3.2
32,Yes,Travel_Rarely,16,3,Female,2,Sales Executive,6162,5,No,15,0,3,14,2,384.1594202898551,0.7675331044629721,2.2
43,No,Travel_Frequently,14,3,Female,2,Sales Executive,2455,0,No,11,1,5,8,8,154.4375,0.8012950222581949,3.0
24,No,Travel_Rarely,29,4,Male,1,Laboratory Technician,2293,9,No,12,0,2,2,7,161.3768115942029,0.7940727436012573,3.0
25,No,Travel_Rarely,2,4,Male,4,Manager,8639,2,No,16,0,3,2,8,282.3205128205128,0.6076926570092185,2.6
32,No,Travel_Rarely,28,3,Male,4,Sales Executive,9679,3,Yes,18,1,1,1,11,221.4528301886793,0.1753429326062878,3.6
30,No,Travel_Rarely,1,4,Female,3,Research Director,6118,2,Yes,18,2,2,10,2,145.9625,0.476064057549028,2.4
25,No,Travel_Frequently,7,3,Male,2,Sales Executive,1118,2,No,16,1,4,1,7,27.24096385542169,0.5055285272003538,2.4
36,Yes,Travel_Rarely,13,3,Male,2,Sales Executive,6842,5,No,11,0,2,5,3,342.84313725490193,0.608693165570489,1.6
35,No,Travel_Rarely,8,2,Female,2,Sales Executive,2022,1,No,21,2,3,10,8,240.5217391304348,0.9086225596529284,3.0
32,No,Travel_Rarely,26,2,Male,2,Research Scientist,6735,3,Yes,13,1,2,0,1,230.4673913043478,0.6823562703391031,2.8
50,Yes,Non-Travel,6,1,Female,1,Research Scientist,6347,2,No,11,0,3,18,2,206.04819277108436,0.6288738159279617,2.4
30,No,Travel_Rarely,3,1,Female,4,Manager,11416,3,No,12,1,4,8,9,299.92307692307685,0.26801744036932545,2.8
39,No,Travel_Rarely,9,4,Male,2,Research Scientist,9613,1,Yes,12,1,5,18,4,196.6195652173913,0.4685720603681796,2.8
46,Yes,Travel_Frequently,28,3,Male,3,Sales Executive,5772,4,Yes,13,1,4,9,2,425.2820512820512,0.6519956589895092,2.4
24,No,Travel_Rarely,21,4,Male,2,Sales Executive,3567,3,Yes,12,2,2,6,4,88.79545454545455,0.08702329152802663,3.0
43,Yes,Travel_Rarely,17,3,Female,1,Research Scientist,9985,9,Yes,16,1,1,1,0,410.18421052631584,0.3594020658240842,3.0
22,No,Travel_Rarely,23,2,Male,3,Sales Executive,2323,3,Yes,16,0,6,2,0,144.8875,0.7995858856008973,3.4
28,Yes,Travel_Rarely,2,3,Female,1,Sales Representative,22052,1,No,13,0,3,1,2,450.0408163265306,0.0,2.8
40,No,Travel_Rarely,3,3,Female,1,Research Scientist,25326,1,Yes,15,1,2,20,1,320.5822784810127,0.0,2.8
32,No,Travel_Rarely,4,4,Male,2,Research Scientist,2690,1,Yes,11,0,2,10,6,62.022988505747136,0.5014825796886583,2.8
39,No,Travel_Rarely,7,3,Male,3,Laboratory Technician,20308,1,No,18,1,3,2,9,209.36082474226802,0.0,1.8
46,No,Travel_Rarely,10,3,Male,2,Sales Executive,4317,3,No,14,0,2,3,7,93.84782608695652,0.0,2.6
32,No,Non-Travel,1,2,Male,1,Research Scientist,4707,2,No,22,1,2,4,2,116.6,0.5514579759862779,2.6
36,No,Travel_Rarely,27,3,Male,2,Healthcare Representative,5810,6,No,13,2,2,10,7,176.35106382978722,0.6495143874042348,2.6
36,No,Travel_Frequently,9,1,Male,1,Sales Representative,6499,1,No,11,0,3,6,2,390.4074074074074,0.6917275400815862,2.4
31,Yes,Travel_Frequently,8,1,Male,1,Laboratory Technician,3479,1,No,12,0,2,5,0,169.45,0.7433608734139864,3.2
39,No,Travel_Rarely,2,1,Male,2,Sales Executive,2086,3,No,12,0,6,1,2,332.0892857142857,0.8878313706511803,3.0
26,No,Travel_Rarely,10,3,Male,1,Sales Representative,4306,1,No,14,2,5,0,2,216.46987951807228,0.7603383981744309,3.2
36,No,Travel_Frequently,10,3,Female,2,Sales Executive,2153,1,Yes,14,1,2,10,14,141.52873563218392,0.8251441565824738,3.2
22,No,Travel_Rarely,2,3,Male,2,Human Resources,2328,3,No,12,0,2,4,2,287.45161290322585,0.8693749298619684,2.2
34,No,Travel_Rarely,16,3,Female,4,Manager,2579,5,Yes,22,1,2,8,13,96.8,0.6669679752066116,3.4
42,No,Travel_Rarely,9,3,Male,3,Healthcare Representative,5087,1,No,14,0,2,0,7,383.7826086956522,0.7118500056644387,2.8
29,Yes,Travel_Rarely,6,3,Female,1,Laboratory Technician,2319,1,Yes,21,2,1,8,0,54.682539682539684,0.3268505079825835,2.8
35,No,Travel_Rarely,6,3,Male,1,Research Scientist,2781,1,Yes,14,1,5,14,1,566.3589743589744,0.8740945309670409,3.0
32,No,Travel_Frequently,29,3,Female,4,Manager,2743,3,No,12,1,2,2,0,394.6785714285714,0.8758935842910144,2.4
35,No,Travel_Rarely,1,3,Female,1,Human Resources,6004,1,No,13,1,3,2,6,162.27027027027026,0.0,3.6
32,No,Travel_Rarely,2,4,Male,1,Laboratory Technician,6209,1,No,14,1,4,10,2,262.3623188405797,0.6570181737833508,3.2
36,No,Travel_Rarely,1,2,Female,4,Manager,6652,2,No,15,1,2,6,8,197.55714285714282,0.5189818497360619,3.0
40,No,Travel_Rarely,7,1,Male,5,Research Director,2741,1,No,22,2,2,7,16,368.8,0.8648688621573654,2.2
30,No,Travel_Rarely,27,3,Male,2,Manufacturing Director,2141,0,No,21,1,3,6,3,524.6153846153846,0.8953567937438905,1.6
53,No,Travel_Rarely,2,4,Female,1,Research Scientist,12549,2,No,14,3,2,12,3,145.66326530612244,0.1209106830122592,2.8
45,No,Non-Travel,6,1,Female,1,Human Resources,5593,1,No,11,0,2,15,0,177.40229885057468,0.6376182454321627,3.0
46,No,Travel_Frequently,2,4,Female,2,Healthcare Representative,6163,1,No,11,0,3,2,11,107.41836734693878,0.4145530540514867,3.6
34,No,Travel_Frequently,8,3,Male,2,Laboratory Technician,5063,2,No,12,0,2,8,3,124.73170731707316,0.504986312084474,2.8
25,No,Travel_Rarely,24,4,Male,3,Healthcare Representative,3458,3,No,15,0,5,2,3,83.97916666666667,0.14214835028528902,3.2
51,Yes,Travel_Frequently,24,2,Female,1,Laboratory Technician,7484,1,No,16,0,1,13,2,105.78350515463914,0.2706363902153786,3.0
42,No,Non-Travel,2,2,Male,2,Sales Representative,6272,0,No,13,0,3,20,7,269.30434782608694,0.4937035841136584,2.0
33,No,Travel_Rarely,14,3,Male,1,Research Scientist,4673,1,No,13,1,2,3,7,64.90277777777777,0.0,3.2
28,No,Travel_Frequently,4,3,Male,1,Research Scientist,6834,2,No,16,1,2,7,2,147.31034482758622,0.20014044943820225,2.2
27,No,Travel_Rarely,2,4,Female,1,Research Scientist,2534,8,No,20,1,4,1,2,81.37755102040815,0.6822570532915361,2.8
50,Yes,Travel_Rarely,1,2,Male,3,Human Resources,2326,9,No,14,1,2,12,6,153.54945054945054,0.8335361053460245,2.4
32,No,Travel_Frequently,4,1,Female,1,Laboratory Technician,4998,1,No,13,0,2,8,2,252.19607843137254,0.6114134660239465,2.4
30,No,Non-Travel,2,1,Female,1,Research Scientist,4050,0,No,12,0,3,8,3,130.41666666666666,0.13738019169329074,2.8
39,Yes,Travel_Rarely,1,4,Male,1,Research Scientist,4534,6,No,13,0,6,8,7,75.68,0.4008985200845666,1.6
34,No,Non-Travel,9,3,Male,1,Research Scientist,5304,1,No,16,0,3,5,7,119.0,0.5497835497835498,3.0
19,No,Travel_Rarely,2,3,Male,1,Sales Representative,2121,1,No,19,0,2,1,2,427.4516129032258,0.8399366085578447,2.6
40,No,Travel_Frequently,6,3,Female,1,Laboratory Technician,7102,0,No,18,1,3,18,7,221.29508196721312,0.4738869545892289,3.0
30,No,Travel_Rarely,11,4,Female,1,Laboratory Technician,20232,7,Yes,11,1,5,5,2,470.5116279069768,0.0,3.2
35,No,Travel_Frequently,15,2,Female,4,Research Director,3525,1,No,24,1,1,15,10,207.04615384615383,0.7380740080249666,2.4
56,No,Travel_Rarely,1,3,Male,2,Research Scientist,7346,1,No,17,2,4,7,4,298.74242424242425,0.6274281077242988,2.4
35,No,Travel_Frequently,3,2,Male,1,Human Resources,2243,0,No,19,1,3,9,2,48.28409090909091,0.4721110849611673,2.8
30,Yes,Travel_Rarely,24,3,Female,4,Sales Executive,9419,4,Yes,16,0,2,10,0,170.71,0.4482455626501084,2.8
36,No,Travel_Rarely,2,1,Male,1,Laboratory Technician,4668,0,No,13,3,2,7,2,51.1340206185567,0.058870967741935475,3.0
33,No,Non-Travel,15,4,Male,2,Healthcare Representative,2008,5,No,18,1,2,1,1,486.5294117647058,0.8786120178938459,3.0
37,Yes,Non-Travel,8,4,Male,1,Laboratory Technician,4759,1,Yes,11,0,2,1,7,61.805194805194795,0.0,2.0
43,No,Travel_Rarely,20,3,Male,1,Research Scientist,10798,0,No,17,0,5,1,0,243.17977528089887,0.5010858014138521,3.2
21,No,Travel_Rarely,1,2,Male,1,Human Resources,22957,6,No,12,0,2,4,6,521.75,0.0,3.0
34,No,Travel_Rarely,15,3,Male,1,Research Scientist,1102,1,No,19,0,3,1,5,377.88333333333327,0.9513959334891722,2.8
32,No,Travel_Rarely,1,2,Female,1,Laboratory Technician,4077,1,No,13,0,2,6,8,53.64473684210525,0.0,2.8
28,No,Travel_Rarely,1,4,Female,1,Research Scientist,3591,1,No,17,0,3,3,1,215.80459770114945,0.8087350199733688,2.6
52,No,Non-Travel,24,2,Male,3,Healthcare Representative,4258,3,Yes,16,1,2,4,3,281.95180722891564,0.8180497393385181,2.8
40,No,Travel_Rarely,3,3,Female,3,Manufacturing Director,6513,2,Yes,14,0,3,5,4,502.79487179487177,0.6678565964608089,3.0
45,No,Travel_Rarely,17,4,Male,1,Laboratory Technician,6217,1,No,15,3,3,0,2,213.6290322580645,0.5306153265383163,3.0
21,No,Travel_Rarely,3,3,Male,3,Manager,2380,2,No,11,0,2,2,2,433.6603773584906,0.8964497041420119,2.8
38,Yes,Travel_Rarely,1,3,Female,1,Sales Representative,2619,3,No,15,1,2,0,2,171.16304347826087,0.8336826062107068,3.0
27,No,Travel_Rarely,23,3,Male,2,Sales Executive,4478,7,Yes,19,1,3,5,2,456.08510638297867,0.7910990856503078,2.8
50,No,Travel_Frequently,13,3,Male,2,Healthcare Representative,5696,5,No,18,2,2,9,0,59.95789473684211,0.0,2.4
35,No,Travel_Rarely,1,3,Male,2,Manufacturing Director,8020,1,Yes,22,1,2,11,8,329.6060606060606,0.26266433759308633,2.6
37,No,Travel_Rarely,8,3,Male,3,Sales Executive,4071,1,No,14,0,4,5,8,362.53488372093017,0.7388543203540958,3.2
38,No,Travel_Frequently,5,3,Male,1,Laboratory Technician,6077,3,No,14,0,2,6,2,88.58888888888889,0.2378025837200552,3.0
26,No,Travel_Rarely,1,3,Male,2,Sales Executive,6272,1,No,22,1,5,5,8,454.5,0.7125045837917126,2.0
22,No,Travel_Rarely,2,1,Female,1,Laboratory Technician,16632,9,No,12,1,6,1,2,415.8,0.0,2.6
34,No,Travel_Rarely,6,3,Female,1,Laboratory Technician,22002,3,No,12,0,3,8,0,400.03636363636366,0.0,3.0
27,No,Travel_Rarely,1,3,Female,1,Research Scientist,6142,7,No,12,1,2,5,5,137.90540540540542,0.3981381675649192,2.6
36,No,Travel_Rarely,7,4,Female,2,Manufacturing Director,5647,2,No,17,0,3,3,0,411.2647058823529,0.5961524708574698,2.6
53,No,Travel_Rarely,10,4,Male,1,Sales Representative,10448,1,Yes,19,1,2,2,1,211.60919540229884,0.4324823465507876,3.2
30,No,Travel_Frequently,25,2,Male,2,Sales Executive,2285,7,Yes,12,1,2,1,2,71.4,0.6234964574064921,3.2
27,Yes,Travel_Rarely,1,3,Female,1,Laboratory Technician,9571,0,Yes,14,0,2,7,2,154.3709677419355,0.0,2.8
22,No,Travel_Rarely,21,3,Female,1,Laboratory Technician,2871,7,No,20,1,5,0,2,249.80327868852456,0.8115894474340465,3.0
28,No,Travel_Frequently,1,3,Male,2,Healthcare Representative,9060,4,No,17,1,2,2,3,174.23076923076923,0.0,3.4
23,No,Travel_Rarely,11,3,Male,5,Manager,3989,3,No,15,0,2,5,4,321.75471698113205,0.7660822142731484,2.6
31,No,Travel_Rarely,9,3,Male,1,Research Scientist,6410,5,No,18,1,1,2,2,127.71428571428572,0.34817978442139513,2.8
36,No,Travel_Rarely,6,3,Female,1,Laboratory Technician,2994,2,Yes,13,0,2,1,13,52.864406779661024,0.04007694773966015,2.8
30,No,Non-Travel,2,3,Male,2,Sales Executive,1274,1,Yes,17,1,2,1,9,83.13698630136986,0.790080738177624,3.0
37,Yes,Travel_Frequently,7,3,Male,1,Sales Representative,2793,1,Yes,21,1,2,10,2,253.56565656565655,0.8887383978010597,3.0
33,No,Non-Travel,1,3,Female,3,Manufacturing Director,15397,4,Yes,14,0,2,6,0,190.08641975308643,0.0,3.4
35,No,Non-Travel,3,3,Male,4,Manager,2024,8,No,12,1,1,2,12,223.13725490196083,0.8221441124780317,3.2
33,No,Travel_Frequently,3,4,Female,1,Laboratory Technician,13421,1,No,22,1,2,6,7,163.67073170731706,0.0,2.8
29,Yes,Travel_Frequently,20,3,Male,2,Sales Executive,6294,3,Yes,11,1,5,3,2,349.1267605633803,0.7460868162013877,2.4
43,Yes,Travel_Rarely,23,3,Female,3,Human Resources,4081,9,Yes,15,3,3,20,2,268.2093023255814,0.6461458423653863,2.4
29,No,Travel_Rarely,27,2,Female,1,Research Scientist,2109,2,No,15,0,2,1,2,60.11578947368422,0.6307126597793732,3.2
36,No,Travel_Rarely,5,2,Female,2,Human Resources,9278,8,Yes,22,1,3,5,2,130.3125,0.11002398081534773,2.8
34,No,Travel_Rarely,8,1,Male,1,Sales Representative,21437,0,No,19,0,0,9,2,243.60227272727272,0.0,2.8
28,No,Travel_Rarely,2,1,Male,1,Sales Representative,2207,1,No,18,1,5,4,0,242.13888888888889,0.8734082826660549,2.4
25,No,Travel_Rarely,4,2,Male,1,Laboratory Technician,2889,1,No,12,1,2,2,0,145.46666666666667,0.7351970669110908,3.2
34,No,Travel_Frequently,2,4,Male,5,Manager,22822,3,No,12,0,4,5,2,274.96385542168673,0.0,2.4
25,Yes,Travel_Rarely,1,2,Female,3,Laboratory Technician,2096,9,Yes,13,0,2,2,0,196.87755102040816,0.8913651912511662,2.6
42,No,Travel_Rarely,1,3,Male,5,Manager,4434,1,No,12,1,3,5,7,331.5593220338983,0.7733360597075963,2.8
28,No,Travel_Rarely,9,1,Female,2,Sales Executive,5829,1,No,20,0,3,9,5,109.35714285714286,0.238536903984324,2.2
49,Yes,Travel_Rarely,27,2,Male,2,Sales Executive,10339,4,Yes,12,0,2,9,4,134.27272727272728,0.0,3.2
45,No,Travel_Rarely,1,4,Male,2,Manufacturing Director,2132,6,No,12,1,3,5,5,241.55384615384617,0.8642124705432775,2.2
34,No,Travel_Frequently,10,3,Male,3,Manager,21072,2,No,25,0,5,10,2,329.25,0.0,3.2
36,No,Travel_Rarely,3,2,Male,1,Human Resources,5237,3,Yes,11,1,3,7,3,397.3684210526316,0.7687858719646801,3.2
40,No,Non-Travel,13,1,Female,1,Research Scientist,13194,3,No,18,0,2,1,2,325.3018867924528,0.2347311640856099,2.6
28,No,Travel_Rarely,5,2,Female,2,Laboratory Technician,2585,8,No,16,0,5,1,11,160.40322580645162,0.7400703871292107,3.4
34,No,Travel_Frequently,1,3,Male,1,Research Scientist,7756,1,No,12,0,1,6,12,378.11904761904765,0.5116176563188716,3.2
32,No,Non-Travel,8,3,Male,2,Manufacturing Director,23814,4,No,21,1,2,3,0,432.98181818181814,0.0,2.6
46,No,Travel_Rarely,10,1,Female,2,Sales Executive,4615,1,Yes,14,2,2,16,7,304.2564102564103,0.6110736558233608,2.4
30,No,Travel_Frequently,8,5,Female,2,Healthcare Representative,2422,2,Yes,17,0,2,3,0,319.5507246376812,0.8901537484693184,2.8
28,No,Travel_Rarely,20,3,Male,2,Sales Executive,2080,8,No,15,0,2,0,3,466.66,0.9108558693695624,3.2
31,No,Travel_Frequently,1,4,Female,2,Manufacturing Director,2689,1,No,18,1,1,4,5,81.33333333333333,0.3517357762777242,2.6
36,No,Travel_Rarely,8,1,Female,2,Sales Executive,5410,0,No,19,1,2,16,2,285.8095238095238,0.7746584471842719,3.0
21,Yes,Travel_Rarely,2,2,Male,1,Human Resources,3447,1,No,12,0,2,3,0,354.5576923076923,0.8130389976677334,2.8
26,No,Travel_Rarely,24,3,Male,1,Laboratory Technician,2104,2,No,14,0,2,7,2,58.51020408163265,0.2661318451342867,2.2
48,No,Travel_Rarely,9,3,Male,2,Laboratory Technician,5486,1,No,11,2,3,2,9,166.84848484848484,0.5018162005085361,2.6
35,Yes,Travel_Rarely,5,3,Male,1,Sales Representative,6883,1,Yes,13,0,3,7,0,269.11764705882354,0.2477595628415301,3.0
46,Yes,Travel_Rarely,3,1,Male,2,Manufacturing Director,10022,0,Yes,19,1,3,8,2,318.9705882352941,0.07588750576302443,2.6
39,No,Non-Travel,7,3,Male,3,Healthcare Representative,6782,8,No,16,1,2,5,0,215.39534883720933,0.26776074282012524,2.0
54,No,Travel_Rarely,2,2,Female,5,Manager,6992,4,No,14,1,4,9,9,184.24137931034485,0.3456859442260902,3.0
35,No,Travel_Rarely,10,4,Female,1,Research Scientist,4487,3,No,22,2,3,5,3,162.1315789473684,0.27170913812692743,2.6
36,No,Travel_Rarely,9,2,Male,1,Research Scientist,5079,2,No,19,2,3,7,2,201.30985915492957,0.6446512278737844,3.4
56,No,Travel_Rarely,10,3,Female,1,Laboratory Technician,2066,6,No,20,1,2,3,4,180.23469387755105,0.8830323274641907,2.4
37,No,Travel_Rarely,2,1,Female,2,Sales Executive,8346,4,Yes,13,0,2,3,5,108.38961038961041,0.0,3.2
34,No,Travel_Rarely,1,4,Female,3,Healthcare Representative,5714,3,No,20,1,3,11,0,222.4673913043478,0.7208188791713491,3.0
29,No,Travel_Frequently,10,3,Male,1,Laboratory Technician,1091,1,No,20,1,3,1,2,212.02222222222218,0.8856513992244001,2.4
46,Yes,Travel_Rarely,24,4,Male,3,Sales Executive,5843,6,Yes,13,0,2,4,2,88.53030303030305,0.0,1.8
41,Yes,Travel_Frequently,2,3,Male,1,Sales Representative,9355,7,No,14,0,5,8,0,132.02222222222218,0.21267463390001684,3.2
32,No,Travel_Frequently,9,1,Male,3,Manufacturing Director,3068,1,No,25,1,2,7,8,436.1818181818182,0.7868556342920662,3.2
38,No,Travel_Rarely,10,4,Male,2,Sales Executive,24223,2,Yes,14,3,2,3,0,275.2613636363636,0.0,3.2
58,No,Travel_Rarely,1,2,Male,2,Healthcare Representative,2479,1,No,12,0,4,1,3,313.77777777777777,0.8244334277620397,2.2
25,No,Travel_Rarely,17,2,Male,1,Laboratory Technician,3669,1,No,21,1,2,3,0,96.80851063829788,0.5968131868131868,3.0
36,No,Travel_Rarely,16,4,Female,2,Manufacturing Director,5775,1,Yes,19,0,2,10,10,105.609375,0.14558366622281402,3.4
34,No,Travel_Rarely,9,5,Male,2,Laboratory Technician,4941,3,Yes,13,1,2,8,7,272.59722222222223,0.7482549549090538,3.0
31,No,Non-Travel,1,5,Female,1,Research Scientist,6932,1,No,12,1,2,9,9,182.3809523809524,0.09503916449086162,3.0
38,No,Travel_Rarely,7,4,Male,2,Manufacturing Director,5118,4,No,17,1,2,1,2,66.46753246753246,0.0,3.0
27,No,Travel_Rarely,16,1,Male,1,Research Scientist,2517,1,No,12,1,2,5,0,115.48484848484848,0.3395434269220677,2.6
35,No,Non-Travel,2,1,Female,3,Manufacturing Director,4148,5,Yes,18,0,2,14,2,229.2906976744186,0.7896445052994574,2.4
42,No,Travel_Frequently,9,4,Male,1,Laboratory Technician,20520,1,No,20,2,2,2,3,218.29787234042556,0.0,2.4
35,Yes,Non-Travel,14,4,Male,1,Laboratory Technician,5762,1,Yes,24,1,6,7,2,258.3076923076923,0.4280325590629343,2.4
44,No,Travel_Frequently,19,3,Male,2,Manufacturing Director,2342,3,No,17,3,2,5,3,311.6823529411765,0.9115992903785906,2.4
30,No,Travel_Rarely,2,4,Female,2,Manufacturing Director,11916,6,Yes,12,0,2,9,7,347.8,0.5431857389304198,2.6
32,Yes,Travel_Rarely,24,3,Female,1,Laboratory Technician,10422,5,Yes,14,0,3,14,2,258.94,0.1950258747200124,2.6
38,Yes,Travel_Rarely,12,3,Female,1,Sales Representative,5343,1,No,15,0,2,10,0,282.46666666666664,0.7898277082841634,3.2
37,No,Travel_Rarely,16,2,Female,1,Laboratory Technician,2115,1,Yes,13,2,3,17,0,76.29166666666667,0.7112233752048062,3.2
33,Yes,Non-Travel,6,4,Female,2,Sales Executive,5147,4,Yes,18,0,2,11,7,272.88157894736844,0.7518202420560297,2.0
33,No,Travel_Rarely,4,1,Male,2,Sales Executive,2500,1,No,12,0,2,3,2,208.66666666666663,0.8622893026330285,2.2
45,No,Non-Travel,3,4,Male,2,Sales Executive,4385,3,Yes,16,0,2,10,4,209.72727272727272,0.7888070124741126,2.6
